mc	mn	quarterbeats	quarterbeats_all_endings	duration_qb	mc_onset	mn_onset	event	timesig	staff	voice	duration	nominal_duration	scalar	chord_id	staff_text	tempo	qpm	metronome_base	metronome_number	tempo_visible	slur
1	0	0	0	0.0	0	15/16	StaffText	4/4	1	1	0				Franz√∂sische Suite Nr. 4 in Es-Dur.						
1	0	0	0	0.0	0	15/16	StaffText	4/4	1	1	0				1. Allemande						
1	0	0	0	0.0	0	15/16	Tempo	4/4	1	1	0					ùÖü=80	80.0	ùÖü	80.0	0.0	
1	0	0	0	0.25	0	15/16	Chord	4/4	2	1	1/16	1/16	1	0							
2	1	5/4	5/4	0.0	1/4	1/4	StaffText	4/4	1	1	0				"Johann Sebastian Bach
BWV 815"						
2	1	3/2	3/2	0.25	5/16	5/16	Chord	4/4	1	1	1/16	1/16	1	1							
2	1	7/4	7/4	0.25	3/8	3/8	Chord	4/4	1	1	1/16	1/16	1	2							
2	1	2	2	0.25	7/16	7/16	Chord	4/4	1	1	1/16	1/16	1	3							
2	1	9/4	9/4	0.25	1/2	1/2	Chord	4/4	1	1	1/16	1/16	1	4							
2	1	5/2	5/2	0.25	9/16	9/16	Chord	4/4	1	1	1/16	1/16	1	5							
2	1	11/4	11/4	0.25	5/8	5/8	Chord	4/4	1	1	1/16	1/16	1	6							
2	1	3	3	0.25	11/16	11/16	Chord	4/4	1	1	1/16	1/16	1	7							
2	1	7/2	7/2	0.25	13/16	13/16	Chord	4/4	1	1	1/16	1/16	1	8							
2	1	15/4	15/4	0.25	7/8	7/8	Chord	4/4	1	1	1/16	1/16	1	9							
2	1	4	4	0.25	15/16	15/16	Chord	4/4	1	1	1/16	1/16	1	10							
2	1	1/4	1/4	0.25	0	0	Chord	4/4	2	1	1/16	1/16	1	11							
2	1	1/2	1/2	0.25	1/16	1/16	Chord	4/4	2	1	1/16	1/16	1	12							
2	1	3/4	3/4	0.25	1/8	1/8	Chord	4/4	2	1	1/16	1/16	1	13							
2	1	1	1	0.25	3/16	3/16	Chord	4/4	2	1	1/16	1/16	1	14							
2	1	5/4	5/4	1.0	1/4	1/4	Chord	4/4	2	1	1/4	1/4	1	15							
2	1	13/4	13/4	1.0	3/4	3/4	Chord	4/4	2	1	1/4	1/4	1	16							
2	1	1/4	1/4	2.0	0	0	Chord	4/4	2	2	1/2	1/2	1	17							
2	1	9/4	9/4	2.0	1/2	1/2	Chord	4/4	2	2	1/2	1/2	1	18							
3	2	17/4	17/4	0.25	0	0	Chord	4/4	1	1	1/16	1/16	1	19							
3	2	9/2	9/2	0.25	1/16	1/16	Chord	4/4	1	1	1/16	1/16	1	20							
3	2	19/4	19/4	0.25	1/8	1/8	Chord	4/4	1	1	1/16	1/16	1	21							
3	2	5	5	0.25	3/16	3/16	Chord	4/4	1	1	1/16	1/16	1	22							
3	2	11/2	11/2	0.25	5/16	5/16	Chord	4/4	1	1	1/16	1/16	1	23							
3	2	23/4	23/4	0.25	3/8	3/8	Chord	4/4	1	1	1/16	1/16	1	24							
3	2	6	6	0.25	7/16	7/16	Chord	4/4	1	1	1/16	1/16	1	25							
3	2	25/4	25/4	0.25	1/2	1/2	Chord	4/4	1	1	1/16	1/16	1	26							
3	2	13/2	13/2	0.25	9/16	9/16	Chord	4/4	1	1	1/16	1/16	1	27							
3	2	27/4	27/4	0.25	5/8	5/8	Chord	4/4	1	1	1/16	1/16	1	28							
3	2	7	7	0.25	11/16	11/16	Chord	4/4	1	1	1/16	1/16	1	29							
3	2	29/4	29/4	0.25	3/4	3/4	Chord	4/4	1	1	1/16	1/16	1	30							
3	2	15/2	15/2	0.25	13/16	13/16	Chord	4/4	1	1	1/16	1/16	1	31							
3	2	31/4	31/4	0.25	7/8	7/8	Chord	4/4	1	1	1/16	1/16	1	32							
3	2	8	8	0.25	15/16	15/16	Chord	4/4	1	1	1/16	1/16	1	33							
3	2	21/4	21/4	1.0	1/4	1/4	Chord	4/4	2	1	1/4	1/4	1	34							
3	2	29/4	29/4	1.0	3/4	3/4	Chord	4/4	2	1	1/4	1/4	1	35							
3	2	17/4	17/4	2.0	0	0	Chord	4/4	2	2	1/2	1/2	1	36							
3	2	25/4	25/4	2.0	1/2	1/2	Chord	4/4	2	2	1/2	1/2	1	37							
4	3	33/4	33/4	0.25	0	0	Chord	4/4	1	1	1/16	1/16	1	38							
4	3	17/2	17/2	0.25	1/16	1/16	Chord	4/4	1	1	1/16	1/16	1	39							
4	3	35/4	35/4	0.25	1/8	1/8	Chord	4/4	1	1	1/16	1/16	1	40							
4	3	9	9	0.25	3/16	3/16	Chord	4/4	1	1	1/16	1/16	1	41							
4	3	37/4	37/4	0.25	1/4	1/4	Chord	4/4	1	1	1/16	1/16	1	42							
4	3	19/2	19/2	0.25	5/16	5/16	Chord	4/4	1	1	1/16	1/16	1	43							
4	3	39/4	39/4	0.25	3/8	3/8	Chord	4/4	1	1	1/16	1/16	1	44							
4	3	10	10	0.25	7/16	7/16	Chord	4/4	1	1	1/16	1/16	1	45							
4	3	41/4	41/4	0.25	1/2	1/2	Chord	4/4	1	1	1/16	1/16	1	46							
4	3	21/2	21/2	0.25	9/16	9/16	Chord	4/4	1	1	1/16	1/16	1	47							
4	3	43/4	43/4	0.25	5/8	5/8	Chord	4/4	1	1	1/16	1/16	1	48							
4	3	11	11	0.25	11/16	11/16	Chord	4/4	1	1	1/16	1/16	1	49							
4	3	45/4	45/4	0.25	3/4	3/4	Chord	4/4	1	1	1/16	1/16	1	50							
4	3	23/2	23/2	0.25	13/16	13/16	Chord	4/4	1	1	1/16	1/16	1	51							
4	3	47/4	47/4	0.25	7/8	7/8	Chord	4/4	1	1	1/16	1/16	1	52							
4	3	12	12	0.25	15/16	15/16	Chord	4/4	1	1	1/16	1/16	1	53							
4	3	37/4	37/4	2.0	1/4	1/4	Chord	4/4	2	1	1/2	1/2	1	54							
4	3	45/4	45/4	1.0	3/4	3/4	Chord	4/4	2	1	1/4	1/4	1	55							
4	3	33/4	33/4	2.0	0	0	Chord	4/4	2	2	1/2	1/2	1	56							
4	3	41/4	41/4	2.0	1/2	1/2	Chord	4/4	2	2	1/2	1/2	1	57							
5	4	49/4	49/4	0.25	0	0	Chord	4/4	1	1	1/16	1/16	1	58							
5	4	25/2	25/2	0.25	1/16	1/16	Chord	4/4	1	1	1/16	1/16	1	59							
5	4	51/4	51/4	0.25	1/8	1/8	Chord	4/4	1	1	1/16	1/16	1	60							
5	4	13	13	0.25	3/16	3/16	Chord	4/4	1	1	1/16	1/16	1	61							
5	4	53/4	53/4	0.25	1/4	1/4	Chord	4/4	1	1	1/16	1/16	1	62							
5	4	27/2	27/2	0.25	5/16	5/16	Chord	4/4	1	1	1/16	1/16	1	63							
5	4	55/4	55/4	0.25	3/8	3/8	Chord	4/4	1	1	1/16	1/16	1	64							
5	4	14	14	0.25	7/16	7/16	Chord	4/4	1	1	1/16	1/16	1	65							
5	4	57/4	57/4	0.25	1/2	1/2	Chord	4/4	1	1	1/16	1/16	1	66							
5	4	29/2	29/2	0.25	9/16	9/16	Chord	4/4	1	1	1/16	1/16	1	67							
5	4	59/4	59/4	0.25	5/8	5/8	Chord	4/4	1	1	1/16	1/16	1	68							
5	4	15	15	0.25	11/16	11/16	Chord	4/4	1	1	1/16	1/16	1	69							
5	4	61/4	61/4	0.25	3/4	3/4	Chord	4/4	1	1	1/16	1/16	1	70							
5	4	31/2	31/2	0.25	13/16	13/16	Chord	4/4	1	1	1/16	1/16	1	71							
5	4	63/4	63/4	0.25	7/8	7/8	Chord	4/4	1	1	1/16	1/16	1	72							
5	4	16	16	0.25	15/16	15/16	Chord	4/4	1	1	1/16	1/16	1	73							
5	4	49/4	49/4	1.0	0	0	Chord	4/4	2	1	1/4	1/4	1	74							
5	4	53/4	53/4	1.0	1/4	1/4	Chord	4/4	2	1	1/4	1/4	1	75							
5	4	57/4	57/4	1.0	1/2	1/2	Chord	4/4	2	1	1/4	1/4	1	76							
5	4	61/4	61/4	1.0	3/4	3/4	Chord	4/4	2	1	1/4	1/4	1	77							
5	4	49/4	49/4	4.0	0	0	Chord	4/4	2	2	1	1	1	78							
6	5	65/4	65/4	0.25	0	0	Chord	4/4	1	1	1/16	1/16	1	79							
6	5	33/2	33/2	0.25	1/16	1/16	Chord	4/4	1	1	1/16	1/16	1	80							
6	5	67/4	67/4	0.25	1/8	1/8	Chord	4/4	1	1	1/16	1/16	1	81							
6	5	17	17	0.25	3/16	3/16	Chord	4/4	1	1	1/16	1/16	1	82							
6	5	69/4	69/4	0.25	1/4	1/4	Chord	4/4	1	1	1/16	1/16	1	83							
6	5	35/2	35/2	0.25	5/16	5/16	Chord	4/4	1	1	1/16	1/16	1	84							
6	5	71/4	71/4	0.25	3/8	3/8	Chord	4/4	1	1	1/16	1/16	1	85							
6	5	18	18	0.25	7/16	7/16	Chord	4/4	1	1	1/16	1/16	1	86							
6	5	73/4	73/4	0.25	1/2	1/2	Chord	4/4	1	1	1/16	1/16	1	87							
6	5	37/2	37/2	0.25	9/16	9/16	Chord	4/4	1	1	1/16	1/16	1	88							
6	5	75/4	75/4	0.25	5/8	5/8	Chord	4/4	1	1	1/16	1/16	1	89							
6	5	19	19	0.25	11/16	11/16	Chord	4/4	1	1	1/16	1/16	1	90							
6	5	77/4	77/4	0.25	3/4	3/4	Chord	4/4	1	1	1/16	1/16	1	91							
6	5	39/2	39/2	0.25	13/16	13/16	Chord	4/4	1	1	1/16	1/16	1	92							
6	5	79/4	79/4	0.25	7/8	7/8	Chord	4/4	1	1	1/16	1/16	1	93							
6	5	20	20	0.25	15/16	15/16	Chord	4/4	1	1	1/16	1/16	1	94							
6	5	65/4	65/4	1.0	0	0	Chord	4/4	2	1	1/4	1/4	1	95							
6	5	69/4	69/4	1.0	1/4	1/4	Chord	4/4	2	1	1/4	1/4	1	96							
6	5	73/4	73/4	2.0	1/2	1/2	Chord	4/4	2	1	1/2	1/2	1	97							
6	5	65/4	65/4	1.0	0	0	Chord	4/4	2	2	1/4	1/4	1	98							
6	5	69/4	69/4	1.0	1/4	1/4	Chord	4/4	2	2	1/4	1/4	1	99							
6	5	73/4	73/4	0.5	1/2	1/2	Chord	4/4	2	2	1/8	1/8	1	100							
6	5	75/4	75/4	0.5	5/8	5/8	Chord	4/4	2	2	1/8	1/8	1	101							
6	5	77/4	77/4	0.5	3/4	3/4	Chord	4/4	2	2	1/8	1/8	1	102							
6	5	79/4	79/4	0.5	7/8	7/8	Chord	4/4	2	2	1/8	1/8	1	103							
7	6	81/4	81/4	1.0	0	0	Chord	4/4	1	1	1/4	1/4	1	104							
7	6	85/4	85/4	0.25	1/4	1/4	Chord	4/4	1	1	1/16	1/16	1	105							
7	6	43/2	43/2	0.25	5/16	5/16	Chord	4/4	1	1	1/16	1/16	1	106							
7	6	87/4	87/4	0.25	3/8	3/8	Chord	4/4	1	1	1/16	1/16	1	107							
7	6	22	22	0.25	7/16	7/16	Chord	4/4	1	1	1/16	1/16	1	108							
7	6	89/4	89/4	0.25	1/2	1/2	Chord	4/4	1	1	1/16	1/16	1	109							
7	6	45/2	45/2	0.25	9/16	9/16	Chord	4/4	1	1	1/16	1/16	1	110							
7	6	91/4	91/4	0.25	5/8	5/8	Chord	4/4	1	1	1/16	1/16	1	111							
7	6	23	23	0.25	11/16	11/16	Chord	4/4	1	1	1/16	1/16	1	112							
7	6	93/4	93/4	1.0	3/4	3/4	Chord	4/4	1	1	1/4	1/4	1	113							
7	6	41/2	41/2	0.25	1/16	1/16	Chord	4/4	1	2	1/16	1/16	1	114							
7	6	83/4	83/4	0.25	1/8	1/8	Chord	4/4	1	2	1/16	1/16	1	115							
7	6	21	21	0.25	3/16	3/16	Chord	4/4	1	2	1/16	1/16	1	116							
7	6	85/4	85/4	1.0	1/4	1/4	Chord	4/4	1	2	1/4	1/4	1	117							
7	6	47/2	47/2	0.25	13/16	13/16	Chord	4/4	1	2	1/16	1/16	1	118							
7	6	95/4	95/4	0.25	7/8	7/8	Chord	4/4	1	2	1/16	1/16	1	119							
7	6	24	24	0.25	15/16	15/16	Chord	4/4	1	2	1/16	1/16	1	120							
7	6	81/4	81/4	0.5	0	0	Chord	4/4	2	1	1/8	1/8	1	121							
7	6	83/4	83/4	0.5	1/8	1/8	Chord	4/4	2	1	1/8	1/8	1	122							
7	6	85/4	85/4	0.5	1/4	1/4	Chord	4/4	2	1	1/8	1/8	1	123							
7	6	87/4	87/4	0.5	3/8	3/8	Chord	4/4	2	1	1/8	1/8	1	124							
7	6	89/4	89/4	2.0	1/2	1/2	Chord	4/4	2	1	1/2	1/2	1	125							
7	6	81/4	81/4	1.0	0	0	Chord	4/4	2	2	1/4	1/4	1	126							
7	6	85/4	85/4	1.0	1/4	1/4	Chord	4/4	2	2	1/4	1/4	1	127							
7	6	89/4	89/4	0.5	1/2	1/2	Chord	4/4	2	2	1/8	1/8	1	128							
7	6	91/4	91/4	0.5	5/8	5/8	Chord	4/4	2	2	1/8	1/8	1	129							
7	6	93/4	93/4	0.5	3/4	3/4	Chord	4/4	2	2	1/8	1/8	1	130							
7	6	95/4	95/4	0.5	7/8	7/8	Chord	4/4	2	2	1/8	1/8	1	131							
8	7	97/4	97/4	0.25	0	0	Chord	4/4	1	1	1/16	1/16	1	132							
8	7	49/2	49/2	0.25	1/16	1/16	Chord	4/4	1	1	1/16	1/16	1	133							
8	7	99/4	99/4	0.25	1/8	1/8	Chord	4/4	1	1	1/16	1/16	1	134							
8	7	25	25	0.25	3/16	3/16	Chord	4/4	1	1	1/16	1/16	1	135							
8	7	101/4	101/4	1.0	1/4	1/4	Chord	4/4	1	1	1/4	1/4	1	136							
8	7	105/4	105/4	0.75	1/2	1/2	Chord	4/4	1	1	3/16	1/8	3/2	137							
8	7	27	27	0.25	11/16	11/16	Chord	4/4	1	1	1/16	1/16	1	138							
8	7	109/4	109/4	1.0	3/4	3/4	Chord	4/4	1	1	1/4	1/4	1	139							
8	7	97/4	97/4	1.0	0	0	Chord	4/4	1	2	1/4	1/4	1	140							
8	7	101/4	101/4	0.25	1/4	1/4	Chord	4/4	1	2	1/16	1/16	1	141							
8	7	51/2	51/2	0.25	5/16	5/16	Chord	4/4	1	2	1/16	1/16	1	142							
8	7	103/4	103/4	0.25	3/8	3/8	Chord	4/4	1	2	1/16	1/16	1	143							
8	7	26	26	0.25	7/16	7/16	Chord	4/4	1	2	1/16	1/16	1	144							
8	7	105/4	105/4	0.25	1/2	1/2	Chord	4/4	1	2	1/16	1/16	1	145							
8	7	53/2	53/2	0.25	9/16	9/16	Chord	4/4	1	2	1/16	1/16	1	146							
8	7	107/4	107/4	0.5	5/8	5/8	Chord	4/4	1	2	1/8	1/8	1	147							
8	7	55/2	55/2	0.25	13/16	13/16	Chord	4/4	1	2	1/16	1/16	1	148							
8	7	111/4	111/4	0.25	7/8	7/8	Chord	4/4	1	2	1/16	1/16	1	149							
8	7	28	28	0.25	15/16	15/16	Chord	4/4	1	2	1/16	1/16	1	150							
8	7	97/4	97/4	0.5	0	0	Chord	4/4	2	2	1/8	1/8	1	151							
8	7	99/4	99/4	0.5	1/8	1/8	Chord	4/4	2	2	1/8	1/8	1	152							
8	7	101/4	101/4	0.5	1/4	1/4	Chord	4/4	2	2	1/8	1/8	1	153							
8	7	103/4	103/4	0.5	3/8	3/8	Chord	4/4	2	2	1/8	1/8	1	154							
8	7	105/4	105/4	0.5	1/2	1/2	Chord	4/4	2	2	1/8	1/8	1	155							
8	7	107/4	107/4	0.5	5/8	5/8	Chord	4/4	2	2	1/8	1/8	1	156							
8	7	109/4	109/4	0.5	3/4	3/4	Chord	4/4	2	2	1/8	1/8	1	157							
8	7	111/4	111/4	0.5	7/8	7/8	Chord	4/4	2	2	1/8	1/8	1	158							
9	8	113/4	113/4	0.25	0	0	Chord	4/4	1	1	1/16	1/16	1	159							
9	8	57/2	57/2	0.25	1/16	1/16	Chord	4/4	1	1	1/16	1/16	1	160							
9	8	115/4	115/4	0.25	1/8	1/8	Chord	4/4	1	1	1/16	1/16	1	161							
9	8	29	29	0.25	3/16	3/16	Chord	4/4	1	1	1/16	1/16	1	162							
9	8	117/4	117/4	1.0	1/4	1/4	Chord	4/4	1	1	1/4	1/4	1	163							
9	8	121/4	121/4	0.25	1/2	1/2	Chord	4/4	1	1	1/16	1/16	1	164							
9	8	61/2	61/2	0.25	9/16	9/16	Chord	4/4	1	1	1/16	1/16	1	165							
9	8	123/4	123/4	0.25	5/8	5/8	Chord	4/4	1	1	1/16	1/16	1	166							
9	8	31	31	0.25	11/16	11/16	Chord	4/4	1	1	1/16	1/16	1	167							
9	8	125/4	125/4	0.25	3/4	3/4	Chord	4/4	1	1	1/16	1/16	1	168							
9	8	63/2	63/2	0.25	13/16	13/16	Chord	4/4	1	1	1/16	1/16	1	169							
9	8	127/4	127/4	0.25	7/8	7/8	Chord	4/4	1	1	1/16	1/16	1	170							
9	8	32	32	0.25	15/16	15/16	Chord	4/4	1	1	1/16	1/16	1	171							
9	8	113/4	113/4	1.0	0	0	Chord	4/4	1	2	1/4	1/4	1	172							
9	8	117/4	117/4	0.25	1/4	1/4	Chord	4/4	1	2	1/16	1/16	1	173							
9	8	59/2	59/2	0.25	5/16	5/16	Chord	4/4	1	2	1/16	1/16	1	174							
9	8	119/4	119/4	0.25	3/8	3/8	Chord	4/4	1	2	1/16	1/16	1	175							
9	8	30	30	0.25	7/16	7/16	Chord	4/4	1	2	1/16	1/16	1	176							
9	8	121/4	121/4	1.0	1/2	1/2	Chord	4/4	1	2	1/4	1/4	1	177							
9	8	125/4	125/4	1.0	3/4	3/4	Chord	4/4	1	2	1/4	1/4	1	178							
9	8	113/4	113/4	0.5	0	0	Chord	4/4	2	2	1/8	1/8	1	179							
9	8	115/4	115/4	0.5	1/8	1/8	Chord	4/4	2	2	1/8	1/8	1	180							
9	8	117/4	117/4	0.5	1/4	1/4	Chord	4/4	2	2	1/8	1/8	1	181							
9	8	119/4	119/4	0.5	3/8	3/8	Chord	4/4	2	2	1/8	1/8	1	182							
9	8	121/4	121/4	0.5	1/2	1/2	Chord	4/4	2	2	1/8	1/8	1	183							
9	8	123/4	123/4	0.5	5/8	5/8	Chord	4/4	2	2	1/8	1/8	1	184							
9	8	125/4	125/4	0.5	3/4	3/4	Chord	4/4	2	2	1/8	1/8	1	185							
9	8	127/4	127/4	0.5	7/8	7/8	Chord	4/4	2	2	1/8	1/8	1	186							
10	9	129/4	129/4	1.0	0	0	Chord	4/4	1	1	1/4	1/4	1	187							
10	9	133/4	133/4	1.0	1/4	1/4	Chord	4/4	1	1	1/4	1/4	1	188							
10	9	137/4	137/4	0.25	1/2	1/2	Chord	4/4	1	1	1/16	1/16	1	189							
10	9	69/2	69/2	0.25	9/16	9/16	Chord	4/4	1	1	1/16	1/16	1	190							
10	9	139/4	139/4	0.25	5/8	5/8	Chord	4/4	1	1	1/16	1/16	1	191							
10	9	35	35	0.25	11/16	11/16	Chord	4/4	1	1	1/16	1/16	1	192							
10	9	141/4	141/4	1.0	3/4	3/4	Chord	4/4	1	1	1/4	1/4	1	193							
10	9	129/4	129/4	0.25	0	0	Chord	4/4	1	2	1/16	1/16	1	194							
10	9	65/2	65/2	0.25	1/16	1/16	Chord	4/4	1	2	1/16	1/16	1	195							
10	9	131/4	131/4	0.25	1/8	1/8	Chord	4/4	1	2	1/16	1/16	1	196							
10	9	33	33	0.25	3/16	3/16	Chord	4/4	1	2	1/16	1/16	1	197							
10	9	133/4	133/4	0.25	1/4	1/4	Chord	4/4	1	2	1/16	1/16	1	198							
10	9	67/2	67/2	0.25	5/16	5/16	Chord	4/4	1	2	1/16	1/16	1	199							
10	9	135/4	135/4	0.25	3/8	3/8	Chord	4/4	1	2	1/16	1/16	1	200							
10	9	34	34	0.25	7/16	7/16	Chord	4/4	1	2	1/16	1/16	1	201							
10	9	137/4	137/4	1.0	1/2	1/2	Chord	4/4	1	2	1/4	1/4	1	202							
10	9	141/4	141/4	0.25	3/4	3/4	Chord	4/4	1	2	1/16	1/16	1	203							
10	9	71/2	71/2	0.25	13/16	13/16	Chord	4/4	1	2	1/16	1/16	1	204							
10	9	143/4	143/4	0.25	7/8	7/8	Chord	4/4	1	2	1/16	1/16	1	205							
10	9	36	36	0.25	15/16	15/16	Chord	4/4	1	2	1/16	1/16	1	206							
10	9	129/4	129/4	0.5	0	0	Chord	4/4	2	2	1/8	1/8	1	207							
10	9	131/4	131/4	0.5	1/8	1/8	Chord	4/4	2	2	1/8	1/8	1	208							
10	9	133/4	133/4	0.5	1/4	1/4	Chord	4/4	2	2	1/8	1/8	1	209							
10	9	135/4	135/4	0.5	3/8	3/8	Chord	4/4	2	2	1/8	1/8	1	210							
10	9	137/4	137/4	0.5	1/2	1/2	Chord	4/4	2	2	1/8	1/8	1	211							
10	9	139/4	139/4	0.5	5/8	5/8	Chord	4/4	2	2	1/8	1/8	1	212							
10	9	141/4	141/4	0.5	3/4	3/4	Chord	4/4	2	2	1/8	1/8	1	213							
10	9	143/4	143/4	0.5	7/8	7/8	Chord	4/4	2	2	1/8	1/8	1	214							
11	10	145/4	145/4	0.25	0	0	Chord	4/4	1	1	1/16	1/16	1	215							
11	10	73/2	73/2	0.25	1/16	1/16	Chord	4/4	1	1	1/16	1/16	1	216							
11	10	147/4	147/4	0.25	1/8	1/8	Chord	4/4	1	1	1/16	1/16	1	217							
11	10	37	37	0.25	3/16	3/16	Chord	4/4	1	1	1/16	1/16	1	218							
11	10	149/4	149/4	0.25	1/4	1/4	Chord	4/4	1	1	1/16	1/16	1	219							
11	10	75/2	75/2	0.5	5/16	5/16	Chord	4/4	1	1	1/8	1/8	1	220							
11	10	38	38	0.25	7/16	7/16	Chord	4/4	1	1	1/16	1/16	1	221							
11	10	153/4	153/4	1.0	1/2	1/2	Chord	4/4	1	1	1/4	1/4	1	222							
11	10	157/4	157/4	0.75	3/4	3/4	Chord	4/4	1	1	3/16	1/8	3/2	223							
11	10	145/4	145/4	1.0	0	0	Chord	4/4	1	2	1/4	1/4	1	224							
11	10	149/4	149/4	0.5	1/4	1/4	Chord	4/4	1	2	1/8	1/8	1	225							
11	10	151/4	151/4	0.5	3/8	3/8	Chord	4/4	1	2	1/8	1/8	1	226							
11	10	153/4	153/4	0.25	1/2	1/2	Chord	4/4	1	2	1/16	1/16	1	227							
11	10	77/2	77/2	0.25	9/16	9/16	Chord	4/4	1	2	1/16	1/16	1	228							
11	10	155/4	155/4	0.25	5/8	5/8	Chord	4/4	1	2	1/16	1/16	1	229							
11	10	39	39	0.25	11/16	11/16	Chord	4/4	1	2	1/16	1/16	1	230							
11	10	157/4	157/4	0.75	3/4	3/4	Chord	4/4	1	2	3/16	1/8	3/2	231							
11	10	155/4	155/4	0.5	5/8	5/8	Chord	4/4	1	3	1/8	1/8	1	232							
11	10	157/4	157/4	0.75	3/4	3/4	Chord	4/4	1	3	3/16	1/8	3/2	233							
11	10	157/4	157/4	0.75	3/4	3/4	Chord	4/4	2	1	3/16	1/8	3/2	234							
11	10	145/4	145/4	0.5	0	0	Chord	4/4	2	2	1/8	1/8	1	235							
11	10	147/4	147/4	0.5	1/8	1/8	Chord	4/4	2	2	1/8	1/8	1	236							
11	10	149/4	149/4	0.5	1/4	1/4	Chord	4/4	2	2	1/8	1/8	1	237							
11	10	151/4	151/4	0.5	3/8	3/8	Chord	4/4	2	2	1/8	1/8	1	238							
11	10	153/4	153/4	1.0	1/2	1/2	Chord	4/4	2	2	1/4	1/4	1	239							
11	10	157/4	157/4	0.75	3/4	3/4	Chord	4/4	2	2	3/16	1/8	3/2	240							
12	10	40	40	0.25	0	15/16	Chord	4/4	1	1	1/16	1/16	1	241							
13	11	161/4	161/4	0.25	0	0	Chord	4/4	1	1	1/16	1/16	1	242							
13	11	81/2	81/2	0.25	1/16	1/16	Chord	4/4	1	1	1/16	1/16	1	243							
13	11	163/4	163/4	0.25	1/8	1/8	Chord	4/4	1	1	1/16	1/16	1	244							
13	11	41	41	0.25	3/16	3/16	Chord	4/4	1	1	1/16	1/16	1	245							
13	11	83/2	83/2	0.25	5/16	5/16	Chord	4/4	1	1	1/16	1/16	1	246							
13	11	167/4	167/4	0.25	3/8	3/8	Chord	4/4	1	1	1/16	1/16	1	247							
13	11	42	42	0.25	7/16	7/16	Chord	4/4	1	1	1/16	1/16	1	248							
13	11	169/4	169/4	0.25	1/2	1/2	Chord	4/4	1	1	1/16	1/16	1	249							
13	11	85/2	85/2	0.25	9/16	9/16	Chord	4/4	1	1	1/16	1/16	1	250							
13	11	171/4	171/4	0.25	5/8	5/8	Chord	4/4	1	1	1/16	1/16	1	251							
13	11	43	43	0.25	11/16	11/16	Chord	4/4	1	1	1/16	1/16	1	252							
13	11	87/2	87/2	0.25	13/16	13/16	Chord	4/4	1	1	1/16	1/16	1	253							
13	11	175/4	175/4	0.25	7/8	7/8	Chord	4/4	1	1	1/16	1/16	1	254							
13	11	44	44	0.25	15/16	15/16	Chord	4/4	1	1	1/16	1/16	1	255							
13	11	165/4	165/4	1.0	1/4	1/4	Chord	4/4	1	2	1/4	1/4	1	256							
13	11	173/4	173/4	1.0	3/4	3/4	Chord	4/4	1	2	1/4	1/4	1	257							
13	11	161/4	161/4	2.0	0	0	Chord	4/4	2	2	1/2	1/2	1	258							
13	11	169/4	169/4	2.0	1/2	1/2	Chord	4/4	2	2	1/2	1/2	1	259							
14	12	177/4	177/4	0.25	0	0	Chord	4/4	1	1	1/16	1/16	1	260							
14	12	89/2	89/2	0.25	1/16	1/16	Chord	4/4	1	1	1/16	1/16	1	261							
14	12	179/4	179/4	0.25	1/8	1/8	Chord	4/4	1	1	1/16	1/16	1	262							
14	12	45	45	0.25	3/16	3/16	Chord	4/4	1	1	1/16	1/16	1	263							
14	12	91/2	91/2	0.25	5/16	5/16	Chord	4/4	1	1	1/16	1/16	1	264							
14	12	183/4	183/4	0.25	3/8	3/8	Chord	4/4	1	1	1/16	1/16	1	265							
14	12	46	46	0.25	7/16	7/16	Chord	4/4	1	1	1/16	1/16	1	266							
14	12	185/4	185/4	0.25	1/2	1/2	Chord	4/4	1	1	1/16	1/16	1	267							
14	12	93/2	93/2	0.25	9/16	9/16	Chord	4/4	1	1	1/16	1/16	1	268							
14	12	187/4	187/4	0.25	5/8	5/8	Chord	4/4	1	1	1/16	1/16	1	269							
14	12	47	47	0.25	11/16	11/16	Chord	4/4	1	1	1/16	1/16	1	270							
14	12	189/4	189/4	0.25	3/4	3/4	Chord	4/4	1	1	1/16	1/16	1	271							
14	12	95/2	95/2	0.25	13/16	13/16	Chord	4/4	1	1	1/16	1/16	1	272							
14	12	191/4	191/4	0.25	7/8	7/8	Chord	4/4	1	1	1/16	1/16	1	273							
14	12	48	48	0.25	15/16	15/16	Chord	4/4	1	1	1/16	1/16	1	274							
14	12	181/4	181/4	1.0	1/4	1/4	Chord	4/4	1	2	1/4	1/4	1	275							
14	12	189/4	189/4	1.0	3/4	3/4	Chord	4/4	1	2	1/4	1/4	1	276							
14	12	177/4	177/4	2.0	0	0	Chord	4/4	2	2	1/2	1/2	1	277							
14	12	185/4	185/4	2.0	1/2	1/2	Chord	4/4	2	2	1/2	1/2	1	278							
15	13	193/4	193/4	0.75	0	0	Chord	4/4	1	1	3/16	1/8	3/2	279							
15	13	49	49	0.25	3/16	3/16	Chord	4/4	1	1	1/16	1/16	1	280							
15	13	197/4	197/4	0.25	1/4	1/4	Chord	4/4	1	1	1/16	1/16	1	281							
15	13	99/2	99/2	0.25	5/16	5/16	Chord	4/4	1	1	1/16	1/16	1	282							
15	13	199/4	199/4	0.25	3/8	3/8	Chord	4/4	1	1	1/16	1/16	1	283							
15	13	50	50	0.25	7/16	7/16	Chord	4/4	1	1	1/16	1/16	1	284							
15	13	201/4	201/4	2.0	1/2	1/2	Chord	4/4	1	1	1/2	1/2	1	285							
15	13	193/4	193/4	0.25	0	0	Chord	4/4	1	2	1/16	1/16	1	286							
15	13	97/2	97/2	0.25	1/16	1/16	Chord	4/4	1	2	1/16	1/16	1	287							
15	13	195/4	195/4	0.5	1/8	1/8	Chord	4/4	1	2	1/8	1/8	1	288							
15	13	197/4	197/4	1.0	1/4	1/4	Chord	4/4	1	2	1/4	1/4	1	289							
15	13	201/4	201/4	0.25	1/2	1/2	Chord	4/4	1	2	1/16	1/16	1	290							
15	13	101/2	101/2	0.25	9/16	9/16	Chord	4/4	1	2	1/16	1/16	1	291							
15	13	203/4	203/4	0.25	5/8	5/8	Chord	4/4	1	2	1/16	1/16	1	292							
15	13	51	51	0.25	11/16	11/16	Chord	4/4	1	2	1/16	1/16	1	293							
15	13	205/4	205/4	1.0	3/4	3/4	Chord	4/4	1	2	1/4	1/4	1	294							
15	13	203/4	203/4	0.5	5/8	5/8	Chord	4/4	1	3	1/8	1/8	1	295							
15	13	205/4	205/4	1.0	3/4	3/4	Chord	4/4	1	3	1/4	1/4	1	296							
15	13	205/4	205/4	0.25	3/4	3/4	Chord	4/4	1	4	1/16	1/16	1	297							
15	13	103/2	103/2	0.25	13/16	13/16	Chord	4/4	1	4	1/16	1/16	1	298							
15	13	207/4	207/4	0.25	7/8	7/8	Chord	4/4	1	4	1/16	1/16	1	299							
15	13	52	52	0.25	15/16	15/16	Chord	4/4	1	4	1/16	1/16	1	300							
15	13	193/4	193/4	2.0	0	0	Chord	4/4	2	2	1/2	1/2	1	301							
15	13	201/4	201/4	2.0	1/2	1/2	Chord	4/4	2	2	1/2	1/2	1	302							
16	14	209/4	209/4	1.0	0	0	Chord	4/4	1	1	1/4	1/4	1	303							
16	14	213/4	213/4	0.25	1/4	1/4	Chord	4/4	1	1	1/16	1/16	1	304							
16	14	107/2	107/2	0.25	5/16	5/16	Chord	4/4	1	1	1/16	1/16	1	305							
16	14	215/4	215/4	0.25	3/8	3/8	Chord	4/4	1	1	1/16	1/16	1	306							
16	14	54	54	0.25	7/16	7/16	Chord	4/4	1	1	1/16	1/16	1	307							
16	14	217/4	217/4	0.25	1/2	1/2	Chord	4/4	1	1	1/16	1/16	1	308							
16	14	109/2	109/2	0.25	9/16	9/16	Chord	4/4	1	1	1/16	1/16	1	309							
16	14	219/4	219/4	0.25	5/8	5/8	Chord	4/4	1	1	1/16	1/16	1	310							
16	14	55	55	0.25	11/16	11/16	Chord	4/4	1	1	1/16	1/16	1	311							0
16	14	221/4	221/4	1.0	3/4	3/4	Chord	4/4	1	1	1/4	1/4	1	312							
16	14	105/2	105/2	0.25	1/16	1/16	Chord	4/4	1	2	1/16	1/16	1	313							
16	14	211/4	211/4	0.25	1/8	1/8	Chord	4/4	1	2	1/16	1/16	1	314							
16	14	53	53	0.25	3/16	3/16	Chord	4/4	1	2	1/16	1/16	1	315							
16	14	213/4	213/4	1.0	1/4	1/4	Chord	4/4	1	2	1/4	1/4	1	316							
16	14	217/4	217/4	1.0	1/2	1/2	Chord	4/4	1	2	1/4	1/4	1	317							
16	14	221/4	221/4	0.25	3/4	3/4	Chord	4/4	1	2	1/16	1/16	1	318							
16	14	111/2	111/2	0.25	13/16	13/16	Chord	4/4	1	2	1/16	1/16	1	319							
16	14	223/4	223/4	0.25	7/8	7/8	Chord	4/4	1	2	1/16	1/16	1	320							
16	14	56	56	0.25	15/16	15/16	Chord	4/4	1	2	1/16	1/16	1	321							
16	14	219/4	219/4	0.5	5/8	5/8	Chord	4/4	1	4	1/8	1/8	1	322							
16	14	221/4	221/4	1.0	3/4	3/4	Chord	4/4	1	4	1/4	1/4	1	323							
16	14	209/4	209/4	2.0	0	0	Chord	4/4	2	2	1/2	1/2	1	324							
16	14	217/4	217/4	2.0	1/2	1/2	Chord	4/4	2	2	1/2	1/2	1	325							
17	15	225/4	225/4	0.25	0	0	Chord	4/4	1	1	1/16	1/16	1	326							
17	15	113/2	113/2	0.25	1/16	1/16	Chord	4/4	1	1	1/16	1/16	1	327							
17	15	227/4	227/4	0.25	1/8	1/8	Chord	4/4	1	1	1/16	1/16	1	328							
17	15	57	57	0.25	3/16	3/16	Chord	4/4	1	1	1/16	1/16	1	329							
17	15	229/4	229/4	0.25	1/4	1/4	Chord	4/4	1	1	1/16	1/16	1	330							
17	15	115/2	115/2	0.25	5/16	5/16	Chord	4/4	1	1	1/16	1/16	1	331							
17	15	231/4	231/4	0.25	3/8	3/8	Chord	4/4	1	1	1/16	1/16	1	332							
17	15	58	58	0.25	7/16	7/16	Chord	4/4	1	1	1/16	1/16	1	333							
17	15	233/4	233/4	0.25	1/2	1/2	Chord	4/4	1	1	1/16	1/16	1	334							
17	15	117/2	117/2	0.25	9/16	9/16	Chord	4/4	1	1	1/16	1/16	1	335							
17	15	235/4	235/4	0.25	5/8	5/8	Chord	4/4	1	1	1/16	1/16	1	336							
17	15	59	59	0.25	11/16	11/16	Chord	4/4	1	1	1/16	1/16	1	337							
17	15	237/4	237/4	0.25	3/4	3/4	Chord	4/4	1	1	1/16	1/16	1	338							
17	15	119/2	119/2	0.25	13/16	13/16	Chord	4/4	1	1	1/16	1/16	1	339							
17	15	239/4	239/4	0.25	7/8	7/8	Chord	4/4	1	1	1/16	1/16	1	340							
17	15	60	60	0.25	15/16	15/16	Chord	4/4	1	1	1/16	1/16	1	341							
17	15	225/4	225/4	2.0	0	0	Chord	4/4	1	2	1/2	1/2	1	342							
17	15	233/4	233/4	1.0	1/2	1/2	Chord	4/4	1	2	1/4	1/4	1	343							
17	15	225/4	225/4	0.5	0	0	Chord	4/4	2	2	1/8	1/8	1	344							
17	15	227/4	227/4	0.5	1/8	1/8	Chord	4/4	2	2	1/8	1/8	1	345							
17	15	229/4	229/4	0.5	1/4	1/4	Chord	4/4	2	2	1/8	1/8	1	346							
17	15	231/4	231/4	0.5	3/8	3/8	Chord	4/4	2	2	1/8	1/8	1	347							
17	15	233/4	233/4	0.5	1/2	1/2	Chord	4/4	2	2	1/8	1/8	1	348							
17	15	235/4	235/4	0.5	5/8	5/8	Chord	4/4	2	2	1/8	1/8	1	349							
17	15	237/4	237/4	0.5	3/4	3/4	Chord	4/4	2	2	1/8	1/8	1	350							
17	15	239/4	239/4	0.5	7/8	7/8	Chord	4/4	2	2	1/8	1/8	1	351							
18	16	241/4	241/4	0.25	0	0	Chord	4/4	1	1	1/16	1/16	1	352							
18	16	121/2	121/2	0.25	1/16	1/16	Chord	4/4	1	1	1/16	1/16	1	353							
18	16	243/4	243/4	0.25	1/8	1/8	Chord	4/4	1	1	1/16	1/16	1	354							
18	16	61	61	0.25	3/16	3/16	Chord	4/4	1	1	1/16	1/16	1	355							
18	16	245/4	245/4	0.25	1/4	1/4	Chord	4/4	1	1	1/16	1/16	1	356							
18	16	123/2	123/2	0.25	5/16	5/16	Chord	4/4	1	1	1/16	1/16	1	357							
18	16	247/4	247/4	0.25	3/8	3/8	Chord	4/4	1	1	1/16	1/16	1	358							
18	16	62	62	0.25	7/16	7/16	Chord	4/4	1	1	1/16	1/16	1	359							
18	16	249/4	249/4	1.0	1/2	1/2	Chord	4/4	1	1	1/4	1/4	1	360							
18	16	253/4	253/4	1.0	3/4	3/4	Chord	4/4	1	1	1/4	1/4	1	361							
18	16	245/4	245/4	1.0	1/4	1/4	Chord	4/4	1	2	1/4	1/4	1	362							
18	16	249/4	249/4	0.25	1/2	1/2	Chord	4/4	1	2	1/16	1/16	1	363							
18	16	125/2	125/2	0.25	9/16	9/16	Chord	4/4	1	2	1/16	1/16	1	364							
18	16	251/4	251/4	0.25	5/8	5/8	Chord	4/4	1	2	1/16	1/16	1	365							
18	16	63	63	0.25	11/16	11/16	Chord	4/4	1	2	1/16	1/16	1	366							1
18	16	253/4	253/4	1.0	3/4	3/4	Chord	4/4	1	2	1/4	1/4	1	367							
18	16	251/4	251/4	0.5	5/8	5/8	Chord	4/4	1	4	1/8	1/8	1	368							
18	16	253/4	253/4	1.0	3/4	3/4	Chord	4/4	1	4	1/4	1/4	1	369							
18	16	241/4	241/4	0.5	0	0	Chord	4/4	2	2	1/8	1/8	1	370							
18	16	243/4	243/4	0.25	1/8	1/8	Chord	4/4	2	2	1/16	1/16	1	371							
18	16	61	61	0.25	3/16	3/16	Chord	4/4	2	2	1/16	1/16	1	372							
18	16	245/4	245/4	0.5	1/4	1/4	Chord	4/4	2	2	1/8	1/8	1	373							
18	16	247/4	247/4	0.5	3/8	3/8	Chord	4/4	2	2	1/8	1/8	1	374							
18	16	249/4	249/4	1.0	1/2	1/2	Chord	4/4	2	2	1/4	1/4	1	375							
18	16	253/4	253/4	0.25	3/4	3/4	Chord	4/4	2	2	1/16	1/16	1	376							
18	16	127/2	127/2	0.25	13/16	13/16	Chord	4/4	2	2	1/16	1/16	1	377							
18	16	255/4	255/4	0.25	7/8	7/8	Chord	4/4	2	2	1/16	1/16	1	378							
18	16	64	64	0.25	15/16	15/16	Chord	4/4	2	2	1/16	1/16	1	379							
19	17	129/2	129/2	0.25	1/16	1/16	Chord	4/4	1	1	1/16	1/16	1	380							
19	17	259/4	259/4	0.25	1/8	1/8	Chord	4/4	1	1	1/16	1/16	1	381							
19	17	65	65	0.25	3/16	3/16	Chord	4/4	1	1	1/16	1/16	1	382							
19	17	261/4	261/4	0.25	1/4	1/4	Chord	4/4	1	1	1/16	1/16	1	383							
19	17	131/2	131/2	0.25	5/16	5/16	Chord	4/4	1	1	1/16	1/16	1	384							
19	17	263/4	263/4	0.25	3/8	3/8	Chord	4/4	1	1	1/16	1/16	1	385							
19	17	66	66	0.25	7/16	7/16	Chord	4/4	1	1	1/16	1/16	1	386							
19	17	265/4	265/4	0.25	1/2	1/2	Chord	4/4	1	1	1/16	1/16	1	387							
19	17	133/2	133/2	0.25	9/16	9/16	Chord	4/4	1	1	1/16	1/16	1	388							
19	17	267/4	267/4	0.25	5/8	5/8	Chord	4/4	1	1	1/16	1/16	1	389							
19	17	67	67	0.25	11/16	11/16	Chord	4/4	1	1	1/16	1/16	1	390							
19	17	269/4	269/4	1.0	3/4	3/4	Chord	4/4	1	1	1/4	1/4	1	391							
19	17	269/4	269/4	1.0	3/4	3/4	Chord	4/4	1	2	1/4	1/4	1	392							
19	17	267/4	267/4	0.5	5/8	5/8	Chord	4/4	1	4	1/8	1/8	1	393							
19	17	269/4	269/4	1.0	3/4	3/4	Chord	4/4	1	4	1/4	1/4	1	394							
19	17	257/4	257/4	0.5	0	0	Chord	4/4	2	2	1/8	1/8	1	395							
19	17	259/4	259/4	0.5	1/8	1/8	Chord	4/4	2	2	1/8	1/8	1	396							
19	17	261/4	261/4	0.5	1/4	1/4	Chord	4/4	2	2	1/8	1/8	1	397							
19	17	263/4	263/4	0.5	3/8	3/8	Chord	4/4	2	2	1/8	1/8	1	398							
19	17	265/4	265/4	1.0	1/2	1/2	Chord	4/4	2	2	1/4	1/4	1	399							
19	17	269/4	269/4	0.25	3/4	3/4	Chord	4/4	2	2	1/16	1/16	1	400							
19	17	135/2	135/2	0.25	13/16	13/16	Chord	4/4	2	2	1/16	1/16	1	401							
19	17	271/4	271/4	0.25	7/8	7/8	Chord	4/4	2	2	1/16	1/16	1	402							
19	17	68	68	0.25	15/16	15/16	Chord	4/4	2	2	1/16	1/16	1	403							
20	18	273/4	273/4	0.25	0	0	Chord	4/4	1	1	1/16	1/16	1	404							
20	18	137/2	137/2	0.25	1/16	1/16	Chord	4/4	1	1	1/16	1/16	1	405							
20	18	275/4	275/4	0.25	1/8	1/8	Chord	4/4	1	1	1/16	1/16	1	406							
20	18	69	69	0.25	3/16	3/16	Chord	4/4	1	1	1/16	1/16	1	407							
20	18	277/4	277/4	0.25	1/4	1/4	Chord	4/4	1	1	1/16	1/16	1	408							
20	18	139/2	139/2	0.25	5/16	5/16	Chord	4/4	1	1	1/16	1/16	1	409							
20	18	279/4	279/4	0.25	3/8	3/8	Chord	4/4	1	1	1/16	1/16	1	410							
20	18	70	70	0.25	7/16	7/16	Chord	4/4	1	1	1/16	1/16	1	411							
20	18	281/4	281/4	0.25	1/2	1/2	Chord	4/4	1	1	1/16	1/16	1	412							
20	18	141/2	141/2	0.25	9/16	9/16	Chord	4/4	1	1	1/16	1/16	1	413							
20	18	283/4	283/4	0.25	5/8	5/8	Chord	4/4	1	1	1/16	1/16	1	414							
20	18	71	71	0.25	11/16	11/16	Chord	4/4	1	1	1/16	1/16	1	415							
20	18	285/4	285/4	1.0	3/4	3/4	Chord	4/4	1	1	1/4	1/4	1	416							
20	18	285/4	285/4	1.0	3/4	3/4	Chord	4/4	1	2	1/4	1/4	1	417							
20	18	283/4	283/4	0.5	5/8	5/8	Chord	4/4	1	4	1/8	1/8	1	418							
20	18	285/4	285/4	1.0	3/4	3/4	Chord	4/4	1	4	1/4	1/4	1	419							
20	18	273/4	273/4	0.5	0	0	Chord	4/4	2	2	1/8	1/8	1	420							
20	18	275/4	275/4	0.5	1/8	1/8	Chord	4/4	2	2	1/8	1/8	1	421							
20	18	277/4	277/4	0.5	1/4	1/4	Chord	4/4	2	2	1/8	1/8	1	422							
20	18	279/4	279/4	0.5	3/8	3/8	Chord	4/4	2	2	1/8	1/8	1	423							
20	18	281/4	281/4	1.0	1/2	1/2	Chord	4/4	2	2	1/4	1/4	1	424							
20	18	285/4	285/4	0.25	3/4	3/4	Chord	4/4	2	2	1/16	1/16	1	425							
20	18	143/2	143/2	0.25	13/16	13/16	Chord	4/4	2	2	1/16	1/16	1	426							
20	18	287/4	287/4	0.25	7/8	7/8	Chord	4/4	2	2	1/16	1/16	1	427							
20	18	72	72	0.25	15/16	15/16	Chord	4/4	2	2	1/16	1/16	1	428							
21	19	289/4	289/4	0.25	0	0	Chord	4/4	1	1	1/16	1/16	1	429							
21	19	145/2	145/2	0.25	1/16	1/16	Chord	4/4	1	1	1/16	1/16	1	430							
21	19	291/4	291/4	0.25	1/8	1/8	Chord	4/4	1	1	1/16	1/16	1	431							
21	19	73	73	0.25	3/16	3/16	Chord	4/4	1	1	1/16	1/16	1	432							
21	19	293/4	293/4	0.25	1/4	1/4	Chord	4/4	1	1	1/16	1/16	1	433							
21	19	147/2	147/2	0.25	5/16	5/16	Chord	4/4	1	1	1/16	1/16	1	434							
21	19	295/4	295/4	0.25	3/8	3/8	Chord	4/4	1	1	1/16	1/16	1	435							
21	19	74	74	0.25	7/16	7/16	Chord	4/4	1	1	1/16	1/16	1	436							
21	19	297/4	297/4	0.25	1/2	1/2	Chord	4/4	1	1	1/16	1/16	1	437							
21	19	149/2	149/2	0.25	9/16	9/16	Chord	4/4	1	1	1/16	1/16	1	438							
21	19	299/4	299/4	0.25	5/8	5/8	Chord	4/4	1	1	1/16	1/16	1	439							
21	19	75	75	0.25	11/16	11/16	Chord	4/4	1	1	1/16	1/16	1	440							
21	19	301/4	301/4	0.25	3/4	3/4	Chord	4/4	1	1	1/16	1/16	1	441							
21	19	151/2	151/2	0.25	13/16	13/16	Chord	4/4	1	1	1/16	1/16	1	442							
21	19	303/4	303/4	0.25	7/8	7/8	Chord	4/4	1	1	1/16	1/16	1	443							
21	19	76	76	0.25	15/16	15/16	Chord	4/4	1	1	1/16	1/16	1	444							
21	19	289/4	289/4	0.5	0	0	Chord	4/4	2	2	1/8	1/8	1	445							
21	19	291/4	291/4	0.5	1/8	1/8	Chord	4/4	2	2	1/8	1/8	1	446							
21	19	293/4	293/4	0.5	1/4	1/4	Chord	4/4	2	2	1/8	1/8	1	447							
21	19	295/4	295/4	0.5	3/8	3/8	Chord	4/4	2	2	1/8	1/8	1	448							
21	19	297/4	297/4	0.5	1/2	1/2	Chord	4/4	2	2	1/8	1/8	1	449							
21	19	299/4	299/4	0.5	5/8	5/8	Chord	4/4	2	2	1/8	1/8	1	450							
21	19	301/4	301/4	0.5	3/4	3/4	Chord	4/4	2	2	1/8	1/8	1	451							
21	19	303/4	303/4	0.5	7/8	7/8	Chord	4/4	2	2	1/8	1/8	1	452							
22	20	305/4	305/4	0.25	0	0	Chord	4/4	1	1	1/16	1/16	1	453							
22	20	153/2	153/2	0.25	1/16	1/16	Chord	4/4	1	1	1/16	1/16	1	454							
22	20	307/4	307/4	0.25	1/8	1/8	Chord	4/4	1	1	1/16	1/16	1	455							
22	20	77	77	0.25	3/16	3/16	Chord	4/4	1	1	1/16	1/16	1	456							
22	20	309/4	309/4	0.25	1/4	1/4	Chord	4/4	1	1	1/16	1/16	1	457							
22	20	155/2	155/2	0.5	5/16	5/16	Chord	4/4	1	1	1/8	1/8	1	458							
22	20	78	78	0.25	7/16	7/16	Chord	4/4	1	1	1/16	1/16	1	459							
22	20	313/4	313/4	1.0	1/2	1/2	Chord	4/4	1	1	1/4	1/4	1	460							
22	20	317/4	317/4	0.75	3/4	3/4	Chord	4/4	1	1	3/16	1/8	3/2	461							
22	20	305/4	305/4	1.0	0	0	Chord	4/4	1	2	1/4	1/4	1	462							
22	20	309/4	309/4	0.5	1/4	1/4	Chord	4/4	1	2	1/8	1/8	1	463							
22	20	311/4	311/4	0.5	3/8	3/8	Chord	4/4	1	2	1/8	1/8	1	464							
22	20	313/4	313/4	0.25	1/2	1/2	Chord	4/4	1	2	1/16	1/16	1	465							
22	20	157/2	157/2	0.25	9/16	9/16	Chord	4/4	1	2	1/16	1/16	1	466							
22	20	315/4	315/4	0.25	5/8	5/8	Chord	4/4	1	2	1/16	1/16	1	467							
22	20	79	79	0.25	11/16	11/16	Chord	4/4	1	2	1/16	1/16	1	468							
22	20	317/4	317/4	0.75	3/4	3/4	Chord	4/4	1	2	3/16	1/8	3/2	469							
22	20	315/4	315/4	0.5	5/8	5/8	Chord	4/4	2	1	1/8	1/8	1	470							
22	20	317/4	317/4	0.75	3/4	3/4	Chord	4/4	2	1	3/16	1/8	3/2	471							
22	20	305/4	305/4	0.5	0	0	Chord	4/4	2	2	1/8	1/8	1	472							
22	20	307/4	307/4	0.5	1/8	1/8	Chord	4/4	2	2	1/8	1/8	1	473							
22	20	309/4	309/4	0.5	1/4	1/4	Chord	4/4	2	2	1/8	1/8	1	474							
22	20	311/4	311/4	0.5	3/8	3/8	Chord	4/4	2	2	1/8	1/8	1	475							
22	20	313/4	313/4	1.0	1/2	1/2	Chord	4/4	2	2	1/4	1/4	1	476							
22	20	317/4	317/4	0.75	3/4	3/4	Chord	4/4	2	2	3/16	1/8	3/2	477							
