mc	mn	quarterbeats	quarterbeats_all_endings	duration_qb	mc_onset	mn_onset	event	timesig	staff	voice	duration	nominal_duration	scalar	chord_id	articulation	staff_text
1	0	0	0	0.0	0	1/4	StaffText	3/8	1	1	0					7. Gigue
1	0	0	0	0.5	0	1/4	Chord	3/8	1	1	1/8	1/8	1	0		
2	1	1/2	1/2	1.0	0	0	Chord	3/8	1	1	1/4	1/4	1	1		
2	1	3/2	3/2	0.125	1/4	1/4	Chord	3/8	1	1	1/32	1/32	1	2		
2	1	13/8	13/8	0.125	9/32	9/32	Chord	3/8	1	1	1/32	1/32	1	3		
2	1	7/4	7/4	0.25	5/16	5/16	Chord	3/8	1	1	1/16	1/16	1	4		
2	1	3/2	3/2	0.5	1/4	1/4	Chord	3/8	2	1	1/8	1/8	1	5		
3	2	2	2	1.0	0	0	Chord	3/8	1	1	1/4	1/4	1	6	ornamentShortTrill	
3	2	3	3	0.5	1/4	1/4	Chord	3/8	1	1	1/8	1/8	1	7		
3	2	2	2	1.0	0	0	Chord	3/8	2	1	1/4	1/4	1	8		
3	2	3	3	0.5	1/4	1/4	Chord	3/8	2	1	1/8	1/8	1	9		
4	3	7/2	7/2	0.5	0	0	Chord	3/8	1	1	1/8	1/8	1	10		
4	3	4	4	0.25	1/8	1/8	Chord	3/8	1	1	1/16	1/16	1	11		
4	3	17/4	17/4	0.25	3/16	3/16	Chord	3/8	1	1	1/16	1/16	1	12		
4	3	9/2	9/2	0.25	1/4	1/4	Chord	3/8	1	1	1/16	1/16	1	13		
4	3	19/4	19/4	0.25	5/16	5/16	Chord	3/8	1	1	1/16	1/16	1	14		
4	3	7/2	7/2	1.0	0	0	Chord	3/8	2	1	1/4	1/4	1	15		
4	3	9/2	9/2	0.5	1/4	1/4	Chord	3/8	2	1	1/8	1/8	1	16		
5	4	5	5	0.25	0	0	Chord	3/8	1	1	1/16	1/16	1	17		
5	4	21/4	21/4	0.25	1/16	1/16	Chord	3/8	1	1	1/16	1/16	1	18		
5	4	11/2	11/2	0.25	1/8	1/8	Chord	3/8	1	1	1/16	1/16	1	19		
5	4	23/4	23/4	0.25	3/16	3/16	Chord	3/8	1	1	1/16	1/16	1	20		
5	4	6	6	0.25	1/4	1/4	Chord	3/8	1	1	1/16	1/16	1	21		
5	4	25/4	25/4	0.25	5/16	5/16	Chord	3/8	1	1	1/16	1/16	1	22		
5	4	5	5	1.0	0	0	Chord	3/8	2	1	1/4	1/4	1	23		
6	5	13/2	13/2	0.25	0	0	Chord	3/8	1	1	1/16	1/16	1	24		
6	5	27/4	27/4	0.25	1/16	1/16	Chord	3/8	1	1	1/16	1/16	1	25		
6	5	7	7	0.25	1/8	1/8	Chord	3/8	1	1	1/16	1/16	1	26		
6	5	29/4	29/4	0.25	3/16	3/16	Chord	3/8	1	1	1/16	1/16	1	27		
6	5	15/2	15/2	0.25	1/4	1/4	Chord	3/8	1	1	1/16	1/16	1	28		
6	5	31/4	31/4	0.25	5/16	5/16	Chord	3/8	1	1	1/16	1/16	1	29		
6	5	29/4	29/4	0.25	3/16	3/16	Chord	3/8	2	1	1/16	1/16	1	30		
6	5	15/2	15/2	0.25	1/4	1/4	Chord	3/8	2	1	1/16	1/16	1	31		
6	5	31/4	31/4	0.25	5/16	5/16	Chord	3/8	2	1	1/16	1/16	1	32		
7	6	8	8	0.25	0	0	Chord	3/8	1	1	1/16	1/16	1	33		
7	6	33/4	33/4	0.25	1/16	1/16	Chord	3/8	1	1	1/16	1/16	1	34		
7	6	17/2	17/2	0.25	1/8	1/8	Chord	3/8	1	1	1/16	1/16	1	35		
7	6	35/4	35/4	0.25	3/16	3/16	Chord	3/8	1	1	1/16	1/16	1	36		
7	6	9	9	0.25	1/4	1/4	Chord	3/8	1	1	1/16	1/16	1	37		
7	6	37/4	37/4	0.25	5/16	5/16	Chord	3/8	1	1	1/16	1/16	1	38		
7	6	8	8	0.25	0	0	Chord	3/8	2	1	1/16	1/16	1	39		
7	6	33/4	33/4	0.25	1/16	1/16	Chord	3/8	2	1	1/16	1/16	1	40		
7	6	17/2	17/2	0.25	1/8	1/8	Chord	3/8	2	1	1/16	1/16	1	41		
7	6	35/4	35/4	0.25	3/16	3/16	Chord	3/8	2	1	1/16	1/16	1	42		
7	6	9	9	0.25	1/4	1/4	Chord	3/8	2	1	1/16	1/16	1	43		
7	6	37/4	37/4	0.25	5/16	5/16	Chord	3/8	2	1	1/16	1/16	1	44		
8	7	19/2	19/2	0.25	0	0	Chord	3/8	1	1	1/16	1/16	1	45		
8	7	39/4	39/4	0.25	1/16	1/16	Chord	3/8	1	1	1/16	1/16	1	46		
8	7	10	10	0.25	1/8	1/8	Chord	3/8	1	1	1/16	1/16	1	47		
8	7	41/4	41/4	0.25	3/16	3/16	Chord	3/8	1	1	1/16	1/16	1	48		
8	7	21/2	21/2	0.25	1/4	1/4	Chord	3/8	1	1	1/16	1/16	1	49		
8	7	43/4	43/4	0.25	5/16	5/16	Chord	3/8	1	1	1/16	1/16	1	50		
8	7	19/2	19/2	0.25	0	0	Chord	3/8	2	1	1/16	1/16	1	51		
8	7	39/4	39/4	0.25	1/16	1/16	Chord	3/8	2	1	1/16	1/16	1	52		
8	7	10	10	0.25	1/8	1/8	Chord	3/8	2	1	1/16	1/16	1	53		
8	7	41/4	41/4	0.25	3/16	3/16	Chord	3/8	2	1	1/16	1/16	1	54		
8	7	21/2	21/2	0.25	1/4	1/4	Chord	3/8	2	1	1/16	1/16	1	55		
8	7	43/4	43/4	0.25	5/16	5/16	Chord	3/8	2	1	1/16	1/16	1	56		
9	8	11	11	0.25	0	0	Chord	3/8	1	1	1/16	1/16	1	57		
9	8	45/4	45/4	0.25	1/16	1/16	Chord	3/8	1	1	1/16	1/16	1	58		
9	8	23/2	23/2	0.25	1/8	1/8	Chord	3/8	1	1	1/16	1/16	1	59		
9	8	47/4	47/4	0.25	3/16	3/16	Chord	3/8	1	1	1/16	1/16	1	60		
9	8	12	12	0.25	1/4	1/4	Chord	3/8	1	1	1/16	1/16	1	61		
9	8	49/4	49/4	0.25	5/16	5/16	Chord	3/8	1	1	1/16	1/16	1	62		
9	8	11	11	0.25	0	0	Chord	3/8	2	1	1/16	1/16	1	63		
9	8	45/4	45/4	0.25	1/16	1/16	Chord	3/8	2	1	1/16	1/16	1	64		
9	8	23/2	23/2	0.25	1/8	1/8	Chord	3/8	2	1	1/16	1/16	1	65		
9	8	47/4	47/4	0.25	3/16	3/16	Chord	3/8	2	1	1/16	1/16	1	66		
9	8	12	12	0.25	1/4	1/4	Chord	3/8	2	1	1/16	1/16	1	67		
9	8	49/4	49/4	0.25	5/16	5/16	Chord	3/8	2	1	1/16	1/16	1	68		
10	9	25/2	25/2	0.25	0	0	Chord	3/8	1	1	1/16	1/16	1	69		
10	9	51/4	51/4	0.25	1/16	1/16	Chord	3/8	1	1	1/16	1/16	1	70		
10	9	13	13	0.25	1/8	1/8	Chord	3/8	1	1	1/16	1/16	1	71		
10	9	53/4	53/4	0.25	3/16	3/16	Chord	3/8	1	1	1/16	1/16	1	72		
10	9	27/2	27/2	0.25	1/4	1/4	Chord	3/8	1	1	1/16	1/16	1	73		
10	9	55/4	55/4	0.25	5/16	5/16	Chord	3/8	1	1	1/16	1/16	1	74		
10	9	25/2	25/2	0.5	0	0	Chord	3/8	2	1	1/8	1/8	1	75		
10	9	13	13	0.5	1/8	1/8	Chord	3/8	2	1	1/8	1/8	1	76		
10	9	27/2	27/2	0.5	1/4	1/4	Chord	3/8	2	1	1/8	1/8	1	77		
11	10	14	14	0.25	0	0	Chord	3/8	1	1	1/16	1/16	1	78		
11	10	57/4	57/4	0.25	1/16	1/16	Chord	3/8	1	1	1/16	1/16	1	79		
11	10	29/2	29/2	0.25	1/8	1/8	Chord	3/8	1	1	1/16	1/16	1	80		
11	10	59/4	59/4	0.25	3/16	3/16	Chord	3/8	1	1	1/16	1/16	1	81		
11	10	15	15	0.25	1/4	1/4	Chord	3/8	1	1	1/16	1/16	1	82		
11	10	61/4	61/4	0.25	5/16	5/16	Chord	3/8	1	1	1/16	1/16	1	83		
11	10	14	14	0.5	0	0	Chord	3/8	2	1	1/8	1/8	1	84		
11	10	29/2	29/2	0.5	1/8	1/8	Chord	3/8	2	1	1/8	1/8	1	85		
11	10	15	15	0.5	1/4	1/4	Chord	3/8	2	1	1/8	1/8	1	86		
12	11	31/2	31/2	0.5	0	0	Chord	3/8	1	1	1/8	1/8	1	87		
12	11	16	16	0.5	1/8	1/8	Chord	3/8	1	1	1/8	1/8	1	88		
12	11	33/2	33/2	0.5	1/4	1/4	Chord	3/8	1	1	1/8	1/8	1	89		
12	11	31/2	31/2	0.25	0	0	Chord	3/8	2	1	1/16	1/16	1	90		
12	11	63/4	63/4	0.25	1/16	1/16	Chord	3/8	2	1	1/16	1/16	1	91		
12	11	16	16	0.25	1/8	1/8	Chord	3/8	2	1	1/16	1/16	1	92		
12	11	65/4	65/4	0.25	3/16	3/16	Chord	3/8	2	1	1/16	1/16	1	93		
12	11	33/2	33/2	0.25	1/4	1/4	Chord	3/8	2	1	1/16	1/16	1	94		
12	11	67/4	67/4	0.25	5/16	5/16	Chord	3/8	2	1	1/16	1/16	1	95		
13	12	17	17	0.5	0	0	Chord	3/8	1	1	1/8	1/8	1	96		
13	12	35/2	35/2	0.5	1/8	1/8	Chord	3/8	1	1	1/8	1/8	1	97		
13	12	18	18	0.5	1/4	1/4	Chord	3/8	1	1	1/8	1/8	1	98		
13	12	17	17	0.25	0	0	Chord	3/8	2	1	1/16	1/16	1	99		
13	12	69/4	69/4	0.25	1/16	1/16	Chord	3/8	2	1	1/16	1/16	1	100		
13	12	35/2	35/2	0.25	1/8	1/8	Chord	3/8	2	1	1/16	1/16	1	101		
13	12	71/4	71/4	0.25	3/16	3/16	Chord	3/8	2	1	1/16	1/16	1	102		
13	12	18	18	0.25	1/4	1/4	Chord	3/8	2	1	1/16	1/16	1	103		
13	12	73/4	73/4	0.25	5/16	5/16	Chord	3/8	2	1	1/16	1/16	1	104		
14	13	37/2	37/2	0.25	0	0	Chord	3/8	1	1	1/16	1/16	1	105		
14	13	75/4	75/4	0.25	1/16	1/16	Chord	3/8	1	1	1/16	1/16	1	106		
14	13	19	19	0.25	1/8	1/8	Chord	3/8	1	1	1/16	1/16	1	107		
14	13	77/4	77/4	0.25	3/16	3/16	Chord	3/8	1	1	1/16	1/16	1	108		
14	13	39/2	39/2	0.25	1/4	1/4	Chord	3/8	1	1	1/16	1/16	1	109		
14	13	79/4	79/4	0.25	5/16	5/16	Chord	3/8	1	1	1/16	1/16	1	110		
14	13	37/2	37/2	0.25	0	0	Chord	3/8	2	1	1/16	1/16	1	111		
14	13	75/4	75/4	0.25	1/16	1/16	Chord	3/8	2	1	1/16	1/16	1	112		
14	13	19	19	0.25	1/8	1/8	Chord	3/8	2	1	1/16	1/16	1	113		
14	13	77/4	77/4	0.25	3/16	3/16	Chord	3/8	2	1	1/16	1/16	1	114		
14	13	39/2	39/2	0.25	1/4	1/4	Chord	3/8	2	1	1/16	1/16	1	115		
14	13	79/4	79/4	0.25	5/16	5/16	Chord	3/8	2	1	1/16	1/16	1	116		
15	14	20	20	0.25	0	0	Chord	3/8	1	1	1/16	1/16	1	117		
15	14	81/4	81/4	0.25	1/16	1/16	Chord	3/8	1	1	1/16	1/16	1	118		
15	14	41/2	41/2	0.25	1/8	1/8	Chord	3/8	1	1	1/16	1/16	1	119		
15	14	83/4	83/4	0.25	3/16	3/16	Chord	3/8	1	1	1/16	1/16	1	120		
15	14	21	21	0.25	1/4	1/4	Chord	3/8	1	1	1/16	1/16	1	121		
15	14	85/4	85/4	0.25	5/16	5/16	Chord	3/8	1	1	1/16	1/16	1	122		
15	14	20	20	0.25	0	0	Chord	3/8	2	1	1/16	1/16	1	123		
15	14	81/4	81/4	0.25	1/16	1/16	Chord	3/8	2	1	1/16	1/16	1	124		
15	14	41/2	41/2	0.25	1/8	1/8	Chord	3/8	2	1	1/16	1/16	1	125		
15	14	83/4	83/4	0.25	3/16	3/16	Chord	3/8	2	1	1/16	1/16	1	126		
15	14	21	21	0.25	1/4	1/4	Chord	3/8	2	1	1/16	1/16	1	127		
15	14	85/4	85/4	0.25	5/16	5/16	Chord	3/8	2	1	1/16	1/16	1	128		
16	15	43/2	43/2	0.25	0	0	Chord	3/8	1	1	1/16	1/16	1	129		
16	15	87/4	87/4	0.25	1/16	1/16	Chord	3/8	1	1	1/16	1/16	1	130		
16	15	22	22	0.25	1/8	1/8	Chord	3/8	1	1	1/16	1/16	1	131		
16	15	89/4	89/4	0.25	3/16	3/16	Chord	3/8	1	1	1/16	1/16	1	132		
16	15	45/2	45/2	0.25	1/4	1/4	Chord	3/8	1	1	1/16	1/16	1	133		
16	15	91/4	91/4	0.25	5/16	5/16	Chord	3/8	1	1	1/16	1/16	1	134		
16	15	43/2	43/2	0.25	0	0	Chord	3/8	2	1	1/16	1/16	1	135		
16	15	87/4	87/4	0.25	1/16	1/16	Chord	3/8	2	1	1/16	1/16	1	136		
16	15	22	22	0.5	1/8	1/8	Chord	3/8	2	1	1/8	1/8	1	137		
16	15	45/2	45/2	0.5	1/4	1/4	Chord	3/8	2	1	1/8	1/8	1	138		
17	16	23	23	0.25	0	0	Chord	3/8	1	1	1/16	1/16	1	139		
17	16	93/4	93/4	0.25	1/16	1/16	Chord	3/8	1	1	1/16	1/16	1	140		
17	16	47/2	47/2	0.25	1/8	1/8	Chord	3/8	1	1	1/16	1/16	1	141		
17	16	95/4	95/4	0.25	3/16	3/16	Chord	3/8	1	1	1/16	1/16	1	142		
17	16	24	24	0.25	1/4	1/4	Chord	3/8	1	1	1/16	1/16	1	143		
17	16	97/4	97/4	0.25	5/16	5/16	Chord	3/8	1	1	1/16	1/16	1	144		
17	16	23	23	0.5	0	0	Chord	3/8	2	1	1/8	1/8	1	145		
17	16	47/2	47/2	0.5	1/8	1/8	Chord	3/8	2	1	1/8	1/8	1	146		
17	16	24	24	0.5	1/4	1/4	Chord	3/8	2	1	1/8	1/8	1	147		
18	17	49/2	49/2	0.25	0	0	Chord	3/8	1	1	1/16	1/16	1	148		
18	17	99/4	99/4	0.25	1/16	1/16	Chord	3/8	1	1	1/16	1/16	1	149		
18	17	25	25	0.25	1/8	1/8	Chord	3/8	1	1	1/16	1/16	1	150		
18	17	101/4	101/4	0.25	3/16	3/16	Chord	3/8	1	1	1/16	1/16	1	151		
18	17	51/2	51/2	0.5	1/4	1/4	Chord	3/8	1	1	1/8	1/8	1	152		
18	17	49/2	49/2	1.0	0	0	Chord	3/8	2	1	1/4	1/4	1	153		
18	17	51/2	51/2	0.25	1/4	1/4	Chord	3/8	2	1	1/16	1/16	1	154		
18	17	103/4	103/4	0.125	5/16	5/16	Chord	3/8	2	1	1/32	1/32	1	155		
18	17	207/8	207/8	0.125	11/32	11/32	Chord	3/8	2	1	1/32	1/32	1	156		
19	18	26	26	0.25	0	0	Chord	3/8	1	1	1/16	1/16	1	157		
19	18	105/4	105/4	0.25	1/16	1/16	Chord	3/8	1	1	1/16	1/16	1	158		
19	18	53/2	53/2	0.25	1/8	1/8	Chord	3/8	1	1	1/16	1/16	1	159		
19	18	107/4	107/4	0.25	3/16	3/16	Chord	3/8	1	1	1/16	1/16	1	160		
19	18	27	27	0.25	1/4	1/4	Chord	3/8	1	1	1/16	1/16	1	161		
19	18	109/4	109/4	0.25	5/16	5/16	Chord	3/8	1	1	1/16	1/16	1	162		
19	18	26	26	1.0	0	0	Chord	3/8	2	1	1/4	1/4	1	163	ornamentShortTrill	
19	18	27	27	0.5	1/4	1/4	Chord	3/8	2	1	1/8	1/8	1	164		
20	19	55/2	55/2	0.25	0	0	Chord	3/8	1	1	1/16	1/16	1	165		
20	19	111/4	111/4	0.25	1/16	1/16	Chord	3/8	1	1	1/16	1/16	1	166		
20	19	28	28	0.75	1/8	1/8	Chord	3/8	1	1	3/16	1/8	3/2	167	ornamentTrill	
20	19	115/4	115/4	0.125	5/16	5/16	Chord	3/8	1	1	1/32	1/32	1	168		
20	19	231/8	231/8	0.125	11/32	11/32	Chord	3/8	1	1	1/32	1/32	1	169		
20	19	55/2	55/2	0.5	0	0	Chord	3/8	2	1	1/8	1/8	1	170		
20	19	28	28	0.25	1/8	1/8	Chord	3/8	2	1	1/16	1/16	1	171		
20	19	113/4	113/4	0.25	3/16	3/16	Chord	3/8	2	1	1/16	1/16	1	172		
20	19	57/2	57/2	0.25	1/4	1/4	Chord	3/8	2	1	1/16	1/16	1	173		
20	19	115/4	115/4	0.25	5/16	5/16	Chord	3/8	2	1	1/16	1/16	1	174		
21	20	29	29	0.5	0	0	Chord	3/8	1	1	1/8	1/8	1	175		
21	20	59/2	59/2	0.5	1/8	1/8	Chord	3/8	1	1	1/8	1/8	1	176		
21	20	30	30	0.5	1/4	1/4	Chord	3/8	1	1	1/8	1/8	1	177		
21	20	29	29	0.25	0	0	Chord	3/8	2	1	1/16	1/16	1	178		
21	20	117/4	117/4	0.25	1/16	1/16	Chord	3/8	2	1	1/16	1/16	1	179		
21	20	59/2	59/2	0.25	1/8	1/8	Chord	3/8	2	1	1/16	1/16	1	180		
21	20	119/4	119/4	0.25	3/16	3/16	Chord	3/8	2	1	1/16	1/16	1	181		
21	20	30	30	0.25	1/4	1/4	Chord	3/8	2	1	1/16	1/16	1	182		
21	20	121/4	121/4	0.25	5/16	5/16	Chord	3/8	2	1	1/16	1/16	1	183		
22	21	61/2	61/2	0.5	0	0	Chord	3/8	1	1	1/8	1/8	1	184		
22	21	31	31	0.25	1/8	1/8	Chord	3/8	1	1	1/16	1/16	1	185		
22	21	125/4	125/4	0.25	3/16	3/16	Chord	3/8	1	1	1/16	1/16	1	186		
22	21	63/2	63/2	0.25	1/4	1/4	Chord	3/8	1	1	1/16	1/16	1	187		
22	21	127/4	127/4	0.25	5/16	5/16	Chord	3/8	1	1	1/16	1/16	1	188		
22	21	61/2	61/2	0.25	0	0	Chord	3/8	2	1	1/16	1/16	1	189		
22	21	123/4	123/4	0.25	1/16	1/16	Chord	3/8	2	1	1/16	1/16	1	190		
22	21	31	31	0.25	1/8	1/8	Chord	3/8	2	1	1/16	1/16	1	191		
22	21	125/4	125/4	0.25	3/16	3/16	Chord	3/8	2	1	1/16	1/16	1	192		
22	21	63/2	63/2	0.25	1/4	1/4	Chord	3/8	2	1	1/16	1/16	1	193		
22	21	127/4	127/4	0.25	5/16	5/16	Chord	3/8	2	1	1/16	1/16	1	194		
23	22	32	32	1.5	0	0	Chord	3/8	1	1	3/8	1/4	3/2	195	ornamentShortTrill	
23	22	32	32	0.25	0	0	Chord	3/8	2	1	1/16	1/16	1	196		
23	22	129/4	129/4	0.25	1/16	1/16	Chord	3/8	2	1	1/16	1/16	1	197		
23	22	65/2	65/2	0.25	1/8	1/8	Chord	3/8	2	1	1/16	1/16	1	198		
23	22	131/4	131/4	0.25	3/16	3/16	Chord	3/8	2	1	1/16	1/16	1	199		
23	22	33	33	0.25	1/4	1/4	Chord	3/8	2	1	1/16	1/16	1	200		
23	22	133/4	133/4	0.25	5/16	5/16	Chord	3/8	2	1	1/16	1/16	1	201		
24	23	67/2	67/2	0.5	0	0	Chord	3/8	1	1	1/8	1/8	1	202		
24	23	34	34	0.25	1/8	1/8	Chord	3/8	1	1	1/16	1/16	1	203		
24	23	137/4	137/4	0.25	3/16	3/16	Chord	3/8	1	1	1/16	1/16	1	204		
24	23	69/2	69/2	0.25	1/4	1/4	Chord	3/8	1	1	1/16	1/16	1	205		
24	23	139/4	139/4	0.25	5/16	5/16	Chord	3/8	1	1	1/16	1/16	1	206		
24	23	67/2	67/2	0.25	0	0	Chord	3/8	2	1	1/16	1/16	1	207		
24	23	135/4	135/4	0.25	1/16	1/16	Chord	3/8	2	1	1/16	1/16	1	208		
24	23	34	34	0.25	1/8	1/8	Chord	3/8	2	1	1/16	1/16	1	209		
24	23	137/4	137/4	0.25	3/16	3/16	Chord	3/8	2	1	1/16	1/16	1	210		
24	23	69/2	69/2	0.25	1/4	1/4	Chord	3/8	2	1	1/16	1/16	1	211		
24	23	139/4	139/4	0.25	5/16	5/16	Chord	3/8	2	1	1/16	1/16	1	212		
25	24	35	35	0.25	0	0	Chord	3/8	1	1	1/16	1/16	1	213		
25	24	141/4	141/4	0.25	1/16	1/16	Chord	3/8	1	1	1/16	1/16	1	214		
25	24	71/2	71/2	1.0	1/8	1/8	Chord	3/8	1	1	1/4	1/4	1	215		
25	24	35	35	0.25	0	0	Chord	3/8	2	1	1/16	1/16	1	216		
25	24	141/4	141/4	0.25	1/16	1/16	Chord	3/8	2	1	1/16	1/16	1	217		
25	24	71/2	71/2	0.25	1/8	1/8	Chord	3/8	2	1	1/16	1/16	1	218		
25	24	143/4	143/4	0.25	3/16	3/16	Chord	3/8	2	1	1/16	1/16	1	219		
25	24	36	36	0.25	1/4	1/4	Chord	3/8	2	1	1/16	1/16	1	220		
25	24	145/4	145/4	0.25	5/16	5/16	Chord	3/8	2	1	1/16	1/16	1	221		
26	25	73/2	73/2	0.25	0	0	Chord	3/8	1	1	1/16	1/16	1	222		
26	25	147/4	147/4	0.25	1/16	1/16	Chord	3/8	1	1	1/16	1/16	1	223		
26	25	37	37	0.25	1/8	1/8	Chord	3/8	1	1	1/16	1/16	1	224		
26	25	149/4	149/4	0.25	3/16	3/16	Chord	3/8	1	1	1/16	1/16	1	225		
26	25	75/2	75/2	0.25	1/4	1/4	Chord	3/8	1	1	1/16	1/16	1	226		
26	25	151/4	151/4	0.25	5/16	5/16	Chord	3/8	1	1	1/16	1/16	1	227		
26	25	73/2	73/2	0.25	0	0	Chord	3/8	2	1	1/16	1/16	1	228		
26	25	147/4	147/4	0.25	1/16	1/16	Chord	3/8	2	1	1/16	1/16	1	229		
26	25	37	37	0.25	1/8	1/8	Chord	3/8	2	1	1/16	1/16	1	230		
26	25	149/4	149/4	0.25	3/16	3/16	Chord	3/8	2	1	1/16	1/16	1	231		
26	25	75/2	75/2	0.25	1/4	1/4	Chord	3/8	2	1	1/16	1/16	1	232		
26	25	151/4	151/4	0.25	5/16	5/16	Chord	3/8	2	1	1/16	1/16	1	233		
27	26	38	38	0.25	0	0	Chord	3/8	1	1	1/16	1/16	1	234		
27	26	153/4	153/4	0.25	1/16	1/16	Chord	3/8	1	1	1/16	1/16	1	235		
27	26	77/2	77/2	0.25	1/8	1/8	Chord	3/8	1	1	1/16	1/16	1	236		
27	26	155/4	155/4	0.25	3/16	3/16	Chord	3/8	1	1	1/16	1/16	1	237		
27	26	39	39	0.25	1/4	1/4	Chord	3/8	1	1	1/16	1/16	1	238		
27	26	157/4	157/4	0.25	5/16	5/16	Chord	3/8	1	1	1/16	1/16	1	239		
27	26	38	38	0.25	0	0	Chord	3/8	2	1	1/16	1/16	1	240		
27	26	153/4	153/4	0.25	1/16	1/16	Chord	3/8	2	1	1/16	1/16	1	241		
27	26	77/2	77/2	0.25	1/8	1/8	Chord	3/8	2	1	1/16	1/16	1	242		
27	26	155/4	155/4	0.25	3/16	3/16	Chord	3/8	2	1	1/16	1/16	1	243		
27	26	39	39	0.25	1/4	1/4	Chord	3/8	2	1	1/16	1/16	1	244		
27	26	157/4	157/4	0.25	5/16	5/16	Chord	3/8	2	1	1/16	1/16	1	245		
28	27	79/2	79/2	0.5	0	0	Chord	3/8	1	1	1/8	1/8	1	246		
28	27	40	40	0.5	1/8	1/8	Chord	3/8	1	1	1/8	1/8	1	247		
28	27	81/2	81/2	0.5	1/4	1/4	Chord	3/8	1	1	1/8	1/8	1	248		
28	27	79/2	79/2	0.25	0	0	Chord	3/8	2	1	1/16	1/16	1	249		
28	27	159/4	159/4	0.25	1/16	1/16	Chord	3/8	2	1	1/16	1/16	1	250		
28	27	40	40	0.25	1/8	1/8	Chord	3/8	2	1	1/16	1/16	1	251		
28	27	161/4	161/4	0.25	3/16	3/16	Chord	3/8	2	1	1/16	1/16	1	252		
28	27	81/2	81/2	0.25	1/4	1/4	Chord	3/8	2	1	1/16	1/16	1	253		
28	27	163/4	163/4	0.25	5/16	5/16	Chord	3/8	2	1	1/16	1/16	1	254		
29	28	41	41	0.5	0	0	Chord	3/8	1	1	1/8	1/8	1	255		
29	28	83/2	83/2	0.5	1/8	1/8	Chord	3/8	1	1	1/8	1/8	1	256		
29	28	42	42	0.5	1/4	1/4	Chord	3/8	1	1	1/8	1/8	1	257		
29	28	41	41	0.25	0	0	Chord	3/8	2	1	1/16	1/16	1	258		
29	28	165/4	165/4	0.25	1/16	1/16	Chord	3/8	2	1	1/16	1/16	1	259		
29	28	83/2	83/2	0.25	1/8	1/8	Chord	3/8	2	1	1/16	1/16	1	260		
29	28	167/4	167/4	0.25	3/16	3/16	Chord	3/8	2	1	1/16	1/16	1	261		
29	28	42	42	0.25	1/4	1/4	Chord	3/8	2	1	1/16	1/16	1	262		
29	28	169/4	169/4	0.25	5/16	5/16	Chord	3/8	2	1	1/16	1/16	1	263		
30	29	85/2	85/2	0.25	0	0	Chord	3/8	1	1	1/16	1/16	1	264		
30	29	171/4	171/4	0.25	1/16	1/16	Chord	3/8	1	1	1/16	1/16	1	265		
30	29	43	43	0.25	1/8	1/8	Chord	3/8	1	1	1/16	1/16	1	266		
30	29	173/4	173/4	0.25	3/16	3/16	Chord	3/8	1	1	1/16	1/16	1	267		
30	29	87/2	87/2	0.25	1/4	1/4	Chord	3/8	1	1	1/16	1/16	1	268		
30	29	175/4	175/4	0.25	5/16	5/16	Chord	3/8	1	1	1/16	1/16	1	269		
30	29	85/2	85/2	0.5	0	0	Chord	3/8	2	1	1/8	1/8	1	270		
30	29	43	43	0.5	1/8	1/8	Chord	3/8	2	1	1/8	1/8	1	271		
30	29	87/2	87/2	0.5	1/4	1/4	Chord	3/8	2	1	1/8	1/8	1	272		
31	30	44	44	0.25	0	0	Chord	3/8	1	1	1/16	1/16	1	273		
31	30	177/4	177/4	0.25	1/16	1/16	Chord	3/8	1	1	1/16	1/16	1	274		
31	30	89/2	89/2	0.25	1/8	1/8	Chord	3/8	1	1	1/16	1/16	1	275		
31	30	179/4	179/4	0.25	3/16	3/16	Chord	3/8	1	1	1/16	1/16	1	276		
31	30	45	45	0.25	1/4	1/4	Chord	3/8	1	1	1/16	1/16	1	277		
31	30	181/4	181/4	0.25	5/16	5/16	Chord	3/8	1	1	1/16	1/16	1	278		
31	30	44	44	0.5	0	0	Chord	3/8	2	1	1/8	1/8	1	279		
31	30	89/2	89/2	0.5	1/8	1/8	Chord	3/8	2	1	1/8	1/8	1	280		
31	30	45	45	0.5	1/4	1/4	Chord	3/8	2	1	1/8	1/8	1	281		
32	31	91/2	91/2	0.25	0	0	Chord	3/8	1	1	1/16	1/16	1	282		
32	31	183/4	183/4	0.25	1/16	1/16	Chord	3/8	1	1	1/16	1/16	1	283		
32	31	46	46	0.25	1/8	1/8	Chord	3/8	1	1	1/16	1/16	1	284		
32	31	185/4	185/4	0.25	3/16	3/16	Chord	3/8	1	1	1/16	1/16	1	285		
32	31	93/2	93/2	0.25	1/4	1/4	Chord	3/8	1	1	1/16	1/16	1	286		
32	31	187/4	187/4	0.25	5/16	5/16	Chord	3/8	1	1	1/16	1/16	1	287		
32	31	91/2	91/2	0.25	0	0	Chord	3/8	2	1	1/16	1/16	1	288		
32	31	183/4	183/4	0.25	1/16	1/16	Chord	3/8	2	1	1/16	1/16	1	289		
32	31	46	46	0.25	1/8	1/8	Chord	3/8	2	1	1/16	1/16	1	290		
32	31	185/4	185/4	0.25	3/16	3/16	Chord	3/8	2	1	1/16	1/16	1	291		
32	31	93/2	93/2	0.25	1/4	1/4	Chord	3/8	2	1	1/16	1/16	1	292		
32	31	187/4	187/4	0.25	5/16	5/16	Chord	3/8	2	1	1/16	1/16	1	293		
33	32	47	47	0.25	0	0	Chord	3/8	1	1	1/16	1/16	1	294		
33	32	189/4	189/4	0.25	1/16	1/16	Chord	3/8	1	1	1/16	1/16	1	295		
33	32	95/2	95/2	0.25	1/8	1/8	Chord	3/8	1	1	1/16	1/16	1	296		
33	32	191/4	191/4	0.25	3/16	3/16	Chord	3/8	1	1	1/16	1/16	1	297		
33	32	48	48	0.25	1/4	1/4	Chord	3/8	1	1	1/16	1/16	1	298		
33	32	193/4	193/4	0.25	5/16	5/16	Chord	3/8	1	1	1/16	1/16	1	299		
33	32	47	47	0.25	0	0	Chord	3/8	2	1	1/16	1/16	1	300		
33	32	189/4	189/4	0.25	1/16	1/16	Chord	3/8	2	1	1/16	1/16	1	301		
33	32	95/2	95/2	0.25	1/8	1/8	Chord	3/8	2	1	1/16	1/16	1	302		
33	32	191/4	191/4	0.25	3/16	3/16	Chord	3/8	2	1	1/16	1/16	1	303		
33	32	48	48	0.25	1/4	1/4	Chord	3/8	2	1	1/16	1/16	1	304		
33	32	193/4	193/4	0.25	5/16	5/16	Chord	3/8	2	1	1/16	1/16	1	305		
34	33	97/2	97/2	0.25	0	0	Chord	3/8	1	1	1/16	1/16	1	306		
34	33	195/4	195/4	0.25	1/16	1/16	Chord	3/8	1	1	1/16	1/16	1	307		
34	33	49	49	0.5	1/8	1/8	Chord	3/8	1	1	1/8	1/8	1	308		
34	33	99/2	99/2	0.5	1/4	1/4	Chord	3/8	1	1	1/8	1/8	1	309		
34	33	97/2	97/2	0.25	0	0	Chord	3/8	2	1	1/16	1/16	1	310		
34	33	195/4	195/4	0.25	1/16	1/16	Chord	3/8	2	1	1/16	1/16	1	311		
34	33	49	49	0.5	1/8	1/8	Chord	3/8	2	1	1/8	1/8	1	312		
34	33	99/2	99/2	0.5	1/4	1/4	Chord	3/8	2	1	1/8	1/8	1	313		
35	34	50	50	1.0	0	0	Chord	3/8	1	1	1/4	1/4	1	314		
35	34	50	50	1.0	0	0	Chord	3/8	2	1	1/4	1/4	1	315		
36	34	51	51	0.5	0	1/4	Chord	3/8	1	1	1/8	1/8	1	316		
37	35	103/2	103/2	0.25	0	0	Chord	3/8	1	1	1/16	1/16	1	317		
37	35	207/4	207/4	0.25	1/16	1/16	Chord	3/8	1	1	1/16	1/16	1	318		
37	35	52	52	0.25	1/8	1/8	Chord	3/8	1	1	1/16	1/16	1	319		
37	35	209/4	209/4	0.25	3/16	3/16	Chord	3/8	1	1	1/16	1/16	1	320		
37	35	105/2	105/2	0.25	1/4	1/4	Chord	3/8	1	1	1/16	1/16	1	321		
37	35	211/4	211/4	0.25	5/16	5/16	Chord	3/8	1	1	1/16	1/16	1	322		
37	35	105/2	105/2	0.5	1/4	1/4	Chord	3/8	2	1	1/8	1/8	1	323		
38	36	53	53	0.25	0	0	Chord	3/8	1	1	1/16	1/16	1	324		
38	36	213/4	213/4	0.25	1/16	1/16	Chord	3/8	1	1	1/16	1/16	1	325		
38	36	107/2	107/2	1.0	1/8	1/8	Chord	3/8	1	1	1/4	1/4	1	326		
38	36	53	53	0.25	0	0	Chord	3/8	2	1	1/16	1/16	1	327		
38	36	213/4	213/4	0.25	1/16	1/16	Chord	3/8	2	1	1/16	1/16	1	328		
38	36	107/2	107/2	0.25	1/8	1/8	Chord	3/8	2	1	1/16	1/16	1	329		
38	36	215/4	215/4	0.25	3/16	3/16	Chord	3/8	2	1	1/16	1/16	1	330		
38	36	54	54	0.25	1/4	1/4	Chord	3/8	2	1	1/16	1/16	1	331		
38	36	217/4	217/4	0.25	5/16	5/16	Chord	3/8	2	1	1/16	1/16	1	332		
39	37	109/2	109/2	0.25	0	0	Chord	3/8	1	1	1/16	1/16	1	333		
39	37	219/4	219/4	0.25	1/16	1/16	Chord	3/8	1	1	1/16	1/16	1	334		
39	37	55	55	0.25	1/8	1/8	Chord	3/8	1	1	1/16	1/16	1	335		
39	37	221/4	221/4	0.25	3/16	3/16	Chord	3/8	1	1	1/16	1/16	1	336		
39	37	111/2	111/2	0.25	1/4	1/4	Chord	3/8	1	1	1/16	1/16	1	337		
39	37	223/4	223/4	0.25	5/16	5/16	Chord	3/8	1	1	1/16	1/16	1	338		
39	37	109/2	109/2	0.25	0	0	Chord	3/8	2	1	1/16	1/16	1	339		
39	37	219/4	219/4	0.25	1/16	1/16	Chord	3/8	2	1	1/16	1/16	1	340		
39	37	55	55	1.0	1/8	1/8	Chord	3/8	2	1	1/4	1/4	1	341		
40	38	56	56	0.5	0	0	Chord	3/8	1	1	1/8	1/8	1	342		
40	38	113/2	113/2	0.5	1/8	1/8	Chord	3/8	1	1	1/8	1/8	1	343		
40	38	57	57	0.5	1/4	1/4	Chord	3/8	1	1	1/8	1/8	1	344		
40	38	56	56	0.25	0	0	Chord	3/8	2	1	1/16	1/16	1	345		
40	38	225/4	225/4	0.25	1/16	1/16	Chord	3/8	2	1	1/16	1/16	1	346		
40	38	113/2	113/2	0.25	1/8	1/8	Chord	3/8	2	1	1/16	1/16	1	347		
40	38	227/4	227/4	0.25	3/16	3/16	Chord	3/8	2	1	1/16	1/16	1	348		
40	38	57	57	0.25	1/4	1/4	Chord	3/8	2	1	1/16	1/16	1	349		
40	38	229/4	229/4	0.25	5/16	5/16	Chord	3/8	2	1	1/16	1/16	1	350		
41	39	115/2	115/2	0.25	0	0	Chord	3/8	1	1	1/16	1/16	1	351		
41	39	231/4	231/4	0.25	1/16	1/16	Chord	3/8	1	1	1/16	1/16	1	352		
41	39	58	58	0.25	1/8	1/8	Chord	3/8	1	1	1/16	1/16	1	353		
41	39	233/4	233/4	0.25	3/16	3/16	Chord	3/8	1	1	1/16	1/16	1	354		
41	39	117/2	117/2	0.25	1/4	1/4	Chord	3/8	1	1	1/16	1/16	1	355		
41	39	235/4	235/4	0.25	5/16	5/16	Chord	3/8	1	1	1/16	1/16	1	356		
41	39	115/2	115/2	0.25	0	0	Chord	3/8	2	1	1/16	1/16	1	357		
41	39	231/4	231/4	0.25	1/16	1/16	Chord	3/8	2	1	1/16	1/16	1	358		
41	39	58	58	0.25	1/8	1/8	Chord	3/8	2	1	1/16	1/16	1	359		
41	39	233/4	233/4	0.25	3/16	3/16	Chord	3/8	2	1	1/16	1/16	1	360		
41	39	117/2	117/2	0.25	1/4	1/4	Chord	3/8	2	1	1/16	1/16	1	361		
41	39	235/4	235/4	0.25	5/16	5/16	Chord	3/8	2	1	1/16	1/16	1	362		
42	40	59	59	0.25	0	0	Chord	3/8	1	1	1/16	1/16	1	363		
42	40	237/4	237/4	0.25	1/16	1/16	Chord	3/8	1	1	1/16	1/16	1	364		
42	40	119/2	119/2	0.25	1/8	1/8	Chord	3/8	1	1	1/16	1/16	1	365		
42	40	239/4	239/4	0.25	3/16	3/16	Chord	3/8	1	1	1/16	1/16	1	366		
42	40	60	60	0.25	1/4	1/4	Chord	3/8	1	1	1/16	1/16	1	367		
42	40	241/4	241/4	0.25	5/16	5/16	Chord	3/8	1	1	1/16	1/16	1	368		
42	40	59	59	0.25	0	0	Chord	3/8	2	1	1/16	1/16	1	369		
42	40	237/4	237/4	0.25	1/16	1/16	Chord	3/8	2	1	1/16	1/16	1	370		
42	40	119/2	119/2	0.25	1/8	1/8	Chord	3/8	2	1	1/16	1/16	1	371		
42	40	239/4	239/4	0.25	3/16	3/16	Chord	3/8	2	1	1/16	1/16	1	372		
42	40	60	60	0.25	1/4	1/4	Chord	3/8	2	1	1/16	1/16	1	373		
42	40	241/4	241/4	0.25	5/16	5/16	Chord	3/8	2	1	1/16	1/16	1	374		
43	41	121/2	121/2	0.25	0	0	Chord	3/8	1	1	1/16	1/16	1	375		
43	41	243/4	243/4	0.25	1/16	1/16	Chord	3/8	1	1	1/16	1/16	1	376		
43	41	61	61	0.25	1/8	1/8	Chord	3/8	1	1	1/16	1/16	1	377		
43	41	245/4	245/4	0.25	3/16	3/16	Chord	3/8	1	1	1/16	1/16	1	378		
43	41	123/2	123/2	0.25	1/4	1/4	Chord	3/8	1	1	1/16	1/16	1	379		
43	41	247/4	247/4	0.25	5/16	5/16	Chord	3/8	1	1	1/16	1/16	1	380		
43	41	121/2	121/2	0.25	0	0	Chord	3/8	2	1	1/16	1/16	1	381		
43	41	243/4	243/4	0.25	1/16	1/16	Chord	3/8	2	1	1/16	1/16	1	382		
43	41	61	61	0.25	1/8	1/8	Chord	3/8	2	1	1/16	1/16	1	383		
43	41	245/4	245/4	0.25	3/16	3/16	Chord	3/8	2	1	1/16	1/16	1	384		
43	41	123/2	123/2	0.25	1/4	1/4	Chord	3/8	2	1	1/16	1/16	1	385		
43	41	247/4	247/4	0.25	5/16	5/16	Chord	3/8	2	1	1/16	1/16	1	386		
44	42	62	62	0.25	0	0	Chord	3/8	1	1	1/16	1/16	1	387		
44	42	249/4	249/4	0.25	1/16	1/16	Chord	3/8	1	1	1/16	1/16	1	388		
44	42	125/2	125/2	0.25	1/8	1/8	Chord	3/8	1	1	1/16	1/16	1	389		
44	42	251/4	251/4	0.25	3/16	3/16	Chord	3/8	1	1	1/16	1/16	1	390		
44	42	63	63	0.25	1/4	1/4	Chord	3/8	1	1	1/16	1/16	1	391		
44	42	253/4	253/4	0.25	5/16	5/16	Chord	3/8	1	1	1/16	1/16	1	392		
44	42	62	62	0.25	0	0	Chord	3/8	2	1	1/16	1/16	1	393		
44	42	249/4	249/4	0.25	1/16	1/16	Chord	3/8	2	1	1/16	1/16	1	394		
44	42	125/2	125/2	0.25	1/8	1/8	Chord	3/8	2	1	1/16	1/16	1	395		
44	42	251/4	251/4	0.25	3/16	3/16	Chord	3/8	2	1	1/16	1/16	1	396		
44	42	63	63	0.25	1/4	1/4	Chord	3/8	2	1	1/16	1/16	1	397		
44	42	253/4	253/4	0.25	5/16	5/16	Chord	3/8	2	1	1/16	1/16	1	398		
45	43	127/2	127/2	0.25	0	0	Chord	3/8	1	1	1/16	1/16	1	399		
45	43	255/4	255/4	0.25	1/16	1/16	Chord	3/8	1	1	1/16	1/16	1	400		
45	43	64	64	0.25	1/8	1/8	Chord	3/8	1	1	1/16	1/16	1	401		
45	43	257/4	257/4	0.25	3/16	3/16	Chord	3/8	1	1	1/16	1/16	1	402		
45	43	129/2	129/2	0.25	1/4	1/4	Chord	3/8	1	1	1/16	1/16	1	403		
45	43	259/4	259/4	0.25	5/16	5/16	Chord	3/8	1	1	1/16	1/16	1	404		
45	43	127/2	127/2	0.25	0	0	Chord	3/8	2	1	1/16	1/16	1	405		
45	43	255/4	255/4	0.25	1/16	1/16	Chord	3/8	2	1	1/16	1/16	1	406		
45	43	64	64	0.25	1/8	1/8	Chord	3/8	2	1	1/16	1/16	1	407		
45	43	257/4	257/4	0.25	3/16	3/16	Chord	3/8	2	1	1/16	1/16	1	408		
45	43	129/2	129/2	0.25	1/4	1/4	Chord	3/8	2	1	1/16	1/16	1	409		
45	43	259/4	259/4	0.25	5/16	5/16	Chord	3/8	2	1	1/16	1/16	1	410		
46	44	65	65	0.25	0	0	Chord	3/8	1	1	1/16	1/16	1	411		
46	44	261/4	261/4	0.25	1/16	1/16	Chord	3/8	1	1	1/16	1/16	1	412		
46	44	131/2	131/2	0.25	1/8	1/8	Chord	3/8	1	1	1/16	1/16	1	413		
46	44	263/4	263/4	0.25	3/16	3/16	Chord	3/8	1	1	1/16	1/16	1	414		
46	44	66	66	0.25	1/4	1/4	Chord	3/8	1	1	1/16	1/16	1	415		
46	44	265/4	265/4	0.25	5/16	5/16	Chord	3/8	1	1	1/16	1/16	1	416		
46	44	65	65	0.25	0	0	Chord	3/8	2	1	1/16	1/16	1	417		
46	44	261/4	261/4	0.25	1/16	1/16	Chord	3/8	2	1	1/16	1/16	1	418		
46	44	131/2	131/2	0.25	1/8	1/8	Chord	3/8	2	1	1/16	1/16	1	419		
46	44	263/4	263/4	0.25	3/16	3/16	Chord	3/8	2	1	1/16	1/16	1	420		
46	44	66	66	0.25	1/4	1/4	Chord	3/8	2	1	1/16	1/16	1	421		
46	44	265/4	265/4	0.25	5/16	5/16	Chord	3/8	2	1	1/16	1/16	1	422		
47	45	133/2	133/2	0.25	0	0	Chord	3/8	1	1	1/16	1/16	1	423		
47	45	267/4	267/4	0.25	1/16	1/16	Chord	3/8	1	1	1/16	1/16	1	424		
47	45	67	67	0.25	1/8	1/8	Chord	3/8	1	1	1/16	1/16	1	425		
47	45	269/4	269/4	0.25	3/16	3/16	Chord	3/8	1	1	1/16	1/16	1	426		
47	45	135/2	135/2	0.25	1/4	1/4	Chord	3/8	1	1	1/16	1/16	1	427		
47	45	271/4	271/4	0.25	5/16	5/16	Chord	3/8	1	1	1/16	1/16	1	428		
47	45	133/2	133/2	0.5	0	0	Chord	3/8	2	1	1/8	1/8	1	429		
47	45	67	67	0.5	1/8	1/8	Chord	3/8	2	1	1/8	1/8	1	430		
47	45	135/2	135/2	0.5	1/4	1/4	Chord	3/8	2	1	1/8	1/8	1	431		
48	46	68	68	0.25	0	0	Chord	3/8	1	1	1/16	1/16	1	432		
48	46	273/4	273/4	0.25	1/16	1/16	Chord	3/8	1	1	1/16	1/16	1	433		
48	46	137/2	137/2	0.25	1/8	1/8	Chord	3/8	1	1	1/16	1/16	1	434		
48	46	275/4	275/4	0.25	3/16	3/16	Chord	3/8	1	1	1/16	1/16	1	435		
48	46	69	69	0.25	1/4	1/4	Chord	3/8	1	1	1/16	1/16	1	436		
48	46	277/4	277/4	0.25	5/16	5/16	Chord	3/8	1	1	1/16	1/16	1	437		
48	46	68	68	0.5	0	0	Chord	3/8	2	1	1/8	1/8	1	438		
48	46	137/2	137/2	0.5	1/8	1/8	Chord	3/8	2	1	1/8	1/8	1	439		
48	46	69	69	0.5	1/4	1/4	Chord	3/8	2	1	1/8	1/8	1	440		
49	47	139/2	139/2	0.5	0	0	Chord	3/8	1	1	1/8	1/8	1	441		
49	47	70	70	0.5	1/8	1/8	Chord	3/8	1	1	1/8	1/8	1	442		
49	47	141/2	141/2	0.5	1/4	1/4	Chord	3/8	1	1	1/8	1/8	1	443		
49	47	139/2	139/2	0.25	0	0	Chord	3/8	2	1	1/16	1/16	1	444		
49	47	279/4	279/4	0.25	1/16	1/16	Chord	3/8	2	1	1/16	1/16	1	445		
49	47	70	70	0.25	1/8	1/8	Chord	3/8	2	1	1/16	1/16	1	446		
49	47	281/4	281/4	0.25	3/16	3/16	Chord	3/8	2	1	1/16	1/16	1	447		
49	47	141/2	141/2	0.25	1/4	1/4	Chord	3/8	2	1	1/16	1/16	1	448		
49	47	283/4	283/4	0.25	5/16	5/16	Chord	3/8	2	1	1/16	1/16	1	449		
50	48	71	71	0.5	0	0	Chord	3/8	1	1	1/8	1/8	1	450		
50	48	143/2	143/2	0.5	1/8	1/8	Chord	3/8	1	1	1/8	1/8	1	451		
50	48	72	72	0.5	1/4	1/4	Chord	3/8	1	1	1/8	1/8	1	452		
50	48	71	71	0.25	0	0	Chord	3/8	2	1	1/16	1/16	1	453		
50	48	285/4	285/4	0.25	1/16	1/16	Chord	3/8	2	1	1/16	1/16	1	454		
50	48	143/2	143/2	0.25	1/8	1/8	Chord	3/8	2	1	1/16	1/16	1	455		
50	48	287/4	287/4	0.25	3/16	3/16	Chord	3/8	2	1	1/16	1/16	1	456		
50	48	72	72	0.25	1/4	1/4	Chord	3/8	2	1	1/16	1/16	1	457		
50	48	289/4	289/4	0.25	5/16	5/16	Chord	3/8	2	1	1/16	1/16	1	458		
51	49	145/2	145/2	0.25	0	0	Chord	3/8	1	1	1/16	1/16	1	459		
51	49	291/4	291/4	0.25	1/16	1/16	Chord	3/8	1	1	1/16	1/16	1	460		
51	49	73	73	0.25	1/8	1/8	Chord	3/8	1	1	1/16	1/16	1	461		
51	49	293/4	293/4	0.25	3/16	3/16	Chord	3/8	1	1	1/16	1/16	1	462		
51	49	147/2	147/2	0.25	1/4	1/4	Chord	3/8	1	1	1/16	1/16	1	463		
51	49	295/4	295/4	0.25	5/16	5/16	Chord	3/8	1	1	1/16	1/16	1	464		
51	49	145/2	145/2	0.25	0	0	Chord	3/8	2	1	1/16	1/16	1	465		
51	49	291/4	291/4	0.25	1/16	1/16	Chord	3/8	2	1	1/16	1/16	1	466		
51	49	73	73	0.25	1/8	1/8	Chord	3/8	2	1	1/16	1/16	1	467		
51	49	293/4	293/4	0.25	3/16	3/16	Chord	3/8	2	1	1/16	1/16	1	468		
51	49	147/2	147/2	0.25	1/4	1/4	Chord	3/8	2	1	1/16	1/16	1	469		
51	49	295/4	295/4	0.25	5/16	5/16	Chord	3/8	2	1	1/16	1/16	1	470		
52	50	74	74	0.25	0	0	Chord	3/8	1	1	1/16	1/16	1	471		
52	50	297/4	297/4	0.25	1/16	1/16	Chord	3/8	1	1	1/16	1/16	1	472		
52	50	149/2	149/2	0.25	1/8	1/8	Chord	3/8	1	1	1/16	1/16	1	473		
52	50	299/4	299/4	0.25	3/16	3/16	Chord	3/8	1	1	1/16	1/16	1	474		
52	50	75	75	0.25	1/4	1/4	Chord	3/8	1	1	1/16	1/16	1	475		
52	50	301/4	301/4	0.25	5/16	5/16	Chord	3/8	1	1	1/16	1/16	1	476		
52	50	74	74	0.25	0	0	Chord	3/8	2	1	1/16	1/16	1	477		
52	50	297/4	297/4	0.25	1/16	1/16	Chord	3/8	2	1	1/16	1/16	1	478		
52	50	149/2	149/2	0.25	1/8	1/8	Chord	3/8	2	1	1/16	1/16	1	479		
52	50	299/4	299/4	0.25	3/16	3/16	Chord	3/8	2	1	1/16	1/16	1	480		
52	50	75	75	0.25	1/4	1/4	Chord	3/8	2	1	1/16	1/16	1	481		
52	50	301/4	301/4	0.25	5/16	5/16	Chord	3/8	2	1	1/16	1/16	1	482		
53	51	151/2	151/2	0.25	0	0	Chord	3/8	1	1	1/16	1/16	1	483		
53	51	303/4	303/4	0.25	1/16	1/16	Chord	3/8	1	1	1/16	1/16	1	484		
53	51	76	76	0.25	1/8	1/8	Chord	3/8	1	1	1/16	1/16	1	485		
53	51	305/4	305/4	0.25	3/16	3/16	Chord	3/8	1	1	1/16	1/16	1	486		
53	51	153/2	153/2	0.25	1/4	1/4	Chord	3/8	1	1	1/16	1/16	1	487		
53	51	307/4	307/4	0.25	5/16	5/16	Chord	3/8	1	1	1/16	1/16	1	488		
53	51	151/2	151/2	0.25	0	0	Chord	3/8	2	1	1/16	1/16	1	489		
53	51	303/4	303/4	0.25	1/16	1/16	Chord	3/8	2	1	1/16	1/16	1	490		
53	51	76	76	0.25	1/8	1/8	Chord	3/8	2	1	1/16	1/16	1	491		
53	51	305/4	305/4	0.25	3/16	3/16	Chord	3/8	2	1	1/16	1/16	1	492		
53	51	153/2	153/2	0.25	1/4	1/4	Chord	3/8	2	1	1/16	1/16	1	493		
53	51	307/4	307/4	0.25	5/16	5/16	Chord	3/8	2	1	1/16	1/16	1	494		
54	52	77	77	1.0	0	0	Chord	3/8	1	1	1/4	1/4	1	495		
54	52	78	78	0.5	1/4	1/4	Chord	3/8	1	1	1/8	1/8	1	496		
54	52	77	77	0.25	0	0	Chord	3/8	2	1	1/16	1/16	1	497		
54	52	309/4	309/4	0.25	1/16	1/16	Chord	3/8	2	1	1/16	1/16	1	498		
54	52	155/2	155/2	0.25	1/8	1/8	Chord	3/8	2	1	1/16	1/16	1	499		
54	52	311/4	311/4	0.25	3/16	3/16	Chord	3/8	2	1	1/16	1/16	1	500		
54	52	78	78	0.25	1/4	1/4	Chord	3/8	2	1	1/16	1/16	1	501		
54	52	313/4	313/4	0.25	5/16	5/16	Chord	3/8	2	1	1/16	1/16	1	502		
55	53	157/2	157/2	0.25	0	0	Chord	3/8	1	1	1/16	1/16	1	503		
55	53	315/4	315/4	0.25	1/16	1/16	Chord	3/8	1	1	1/16	1/16	1	504		
55	53	79	79	0.25	1/8	1/8	Chord	3/8	1	1	1/16	1/16	1	505		
55	53	317/4	317/4	0.25	3/16	3/16	Chord	3/8	1	1	1/16	1/16	1	506		
55	53	159/2	159/2	0.25	1/4	1/4	Chord	3/8	1	1	1/16	1/16	1	507		
55	53	319/4	319/4	0.25	5/16	5/16	Chord	3/8	1	1	1/16	1/16	1	508		
55	53	157/2	157/2	0.5	0	0	Chord	3/8	2	1	1/8	1/8	1	509		
55	53	79	79	0.5	1/8	1/8	Chord	3/8	2	1	1/8	1/8	1	510		
55	53	159/2	159/2	0.5	1/4	1/4	Chord	3/8	2	1	1/8	1/8	1	511		
56	54	80	80	0.25	0	0	Chord	3/8	1	1	1/16	1/16	1	512		
56	54	321/4	321/4	0.25	1/16	1/16	Chord	3/8	1	1	1/16	1/16	1	513		
56	54	161/2	161/2	1.0	1/8	1/8	Chord	3/8	1	1	1/4	1/4	1	514		
56	54	80	80	0.25	0	0	Chord	3/8	2	1	1/16	1/16	1	515		
56	54	321/4	321/4	0.25	1/16	1/16	Chord	3/8	2	1	1/16	1/16	1	516		
56	54	161/2	161/2	0.25	1/8	1/8	Chord	3/8	2	1	1/16	1/16	1	517		
56	54	323/4	323/4	0.25	3/16	3/16	Chord	3/8	2	1	1/16	1/16	1	518		
56	54	81	81	0.25	1/4	1/4	Chord	3/8	2	1	1/16	1/16	1	519		
56	54	325/4	325/4	0.25	5/16	5/16	Chord	3/8	2	1	1/16	1/16	1	520		
57	55	163/2	163/2	0.25	0	0	Chord	3/8	1	1	1/16	1/16	1	521		
57	55	327/4	327/4	0.25	1/16	1/16	Chord	3/8	1	1	1/16	1/16	1	522		
57	55	82	82	0.25	1/8	1/8	Chord	3/8	1	1	1/16	1/16	1	523		
57	55	329/4	329/4	0.25	3/16	3/16	Chord	3/8	1	1	1/16	1/16	1	524		
57	55	165/2	165/2	0.25	1/4	1/4	Chord	3/8	1	1	1/16	1/16	1	525		
57	55	331/4	331/4	0.25	5/16	5/16	Chord	3/8	1	1	1/16	1/16	1	526		
57	55	163/2	163/2	0.25	0	0	Chord	3/8	2	1	1/16	1/16	1	527		
57	55	327/4	327/4	0.25	1/16	1/16	Chord	3/8	2	1	1/16	1/16	1	528		
57	55	82	82	1.0	1/8	1/8	Chord	3/8	2	1	1/4	1/4	1	529		
58	56	83	83	0.25	0	0	Chord	3/8	1	1	1/16	1/16	1	530		
58	56	333/4	333/4	0.25	1/16	1/16	Chord	3/8	1	1	1/16	1/16	1	531		
58	56	167/2	167/2	1.0	1/8	1/8	Chord	3/8	1	1	1/4	1/4	1	532		
58	56	83	83	0.25	0	0	Chord	3/8	2	1	1/16	1/16	1	533		
58	56	333/4	333/4	0.25	1/16	1/16	Chord	3/8	2	1	1/16	1/16	1	534		
58	56	167/2	167/2	0.25	1/8	1/8	Chord	3/8	2	1	1/16	1/16	1	535		
58	56	335/4	335/4	0.25	3/16	3/16	Chord	3/8	2	1	1/16	1/16	1	536		
58	56	84	84	0.25	1/4	1/4	Chord	3/8	2	1	1/16	1/16	1	537		
58	56	337/4	337/4	0.25	5/16	5/16	Chord	3/8	2	1	1/16	1/16	1	538		
59	57	169/2	169/2	0.25	0	0	Chord	3/8	1	1	1/16	1/16	1	539		
59	57	339/4	339/4	0.25	1/16	1/16	Chord	3/8	1	1	1/16	1/16	1	540		
59	57	85	85	0.25	1/8	1/8	Chord	3/8	1	1	1/16	1/16	1	541		
59	57	341/4	341/4	0.25	3/16	3/16	Chord	3/8	1	1	1/16	1/16	1	542		
59	57	171/2	171/2	0.25	1/4	1/4	Chord	3/8	1	1	1/16	1/16	1	543		
59	57	343/4	343/4	0.25	5/16	5/16	Chord	3/8	1	1	1/16	1/16	1	544		
59	57	169/2	169/2	0.25	0	0	Chord	3/8	2	1	1/16	1/16	1	545		
59	57	339/4	339/4	0.25	1/16	1/16	Chord	3/8	2	1	1/16	1/16	1	546		
59	57	85	85	0.25	1/8	1/8	Chord	3/8	2	1	1/16	1/16	1	547		
59	57	341/4	341/4	0.25	3/16	3/16	Chord	3/8	2	1	1/16	1/16	1	548		
59	57	171/2	171/2	0.25	1/4	1/4	Chord	3/8	2	1	1/16	1/16	1	549		
59	57	343/4	343/4	0.25	5/16	5/16	Chord	3/8	2	1	1/16	1/16	1	550		
60	58	86	86	0.25	0	0	Chord	3/8	1	1	1/16	1/16	1	551		
60	58	345/4	345/4	0.25	1/16	1/16	Chord	3/8	1	1	1/16	1/16	1	552		
60	58	173/2	173/2	1.0	1/8	1/8	Chord	3/8	1	1	1/4	1/4	1	553		
60	58	86	86	0.25	0	0	Chord	3/8	2	1	1/16	1/16	1	554		
60	58	345/4	345/4	0.25	1/16	1/16	Chord	3/8	2	1	1/16	1/16	1	555		
60	58	173/2	173/2	0.25	1/8	1/8	Chord	3/8	2	1	1/16	1/16	1	556		
60	58	347/4	347/4	0.25	3/16	3/16	Chord	3/8	2	1	1/16	1/16	1	557		
60	58	87	87	0.25	1/4	1/4	Chord	3/8	2	1	1/16	1/16	1	558		
60	58	349/4	349/4	0.25	5/16	5/16	Chord	3/8	2	1	1/16	1/16	1	559		
61	59	175/2	175/2	0.25	0	0	Chord	3/8	1	1	1/16	1/16	1	560		
61	59	351/4	351/4	0.25	1/16	1/16	Chord	3/8	1	1	1/16	1/16	1	561		
61	59	88	88	0.25	1/8	1/8	Chord	3/8	1	1	1/16	1/16	1	562		
61	59	353/4	353/4	0.25	3/16	3/16	Chord	3/8	1	1	1/16	1/16	1	563		
61	59	177/2	177/2	0.25	1/4	1/4	Chord	3/8	1	1	1/16	1/16	1	564		
61	59	355/4	355/4	0.25	5/16	5/16	Chord	3/8	1	1	1/16	1/16	1	565		
61	59	175/2	175/2	0.5	0	0	Chord	3/8	2	1	1/8	1/8	1	566		
61	59	88	88	0.5	1/8	1/8	Chord	3/8	2	1	1/8	1/8	1	567		
61	59	177/2	177/2	0.5	1/4	1/4	Chord	3/8	2	1	1/8	1/8	1	568		
62	60	89	89	0.25	0	0	Chord	3/8	1	1	1/16	1/16	1	569		
62	60	357/4	357/4	0.25	1/16	1/16	Chord	3/8	1	1	1/16	1/16	1	570		
62	60	179/2	179/2	0.25	1/8	1/8	Chord	3/8	1	1	1/16	1/16	1	571		
62	60	359/4	359/4	0.25	3/16	3/16	Chord	3/8	1	1	1/16	1/16	1	572		
62	60	90	90	0.25	1/4	1/4	Chord	3/8	1	1	1/16	1/16	1	573		
62	60	361/4	361/4	0.25	5/16	5/16	Chord	3/8	1	1	1/16	1/16	1	574		
62	60	89	89	0.25	0	0	Chord	3/8	2	1	1/16	1/16	1	575		
62	60	357/4	357/4	0.25	1/16	1/16	Chord	3/8	2	1	1/16	1/16	1	576		
62	60	179/2	179/2	0.25	1/8	1/8	Chord	3/8	2	1	1/16	1/16	1	577		
62	60	359/4	359/4	0.25	3/16	3/16	Chord	3/8	2	1	1/16	1/16	1	578		
62	60	90	90	0.25	1/4	1/4	Chord	3/8	2	1	1/16	1/16	1	579		
62	60	361/4	361/4	0.25	5/16	5/16	Chord	3/8	2	1	1/16	1/16	1	580		
63	61	181/2	181/2	0.25	0	0	Chord	3/8	1	1	1/16	1/16	1	581		
63	61	363/4	363/4	0.25	1/16	1/16	Chord	3/8	1	1	1/16	1/16	1	582		
63	61	91	91	0.25	1/8	1/8	Chord	3/8	1	1	1/16	1/16	1	583		
63	61	365/4	365/4	0.25	3/16	3/16	Chord	3/8	1	1	1/16	1/16	1	584		
63	61	183/2	183/2	0.25	1/4	1/4	Chord	3/8	1	1	1/16	1/16	1	585		
63	61	367/4	367/4	0.25	5/16	5/16	Chord	3/8	1	1	1/16	1/16	1	586		
63	61	181/2	181/2	0.5	0	0	Chord	3/8	2	1	1/8	1/8	1	587		
63	61	91	91	0.5	1/8	1/8	Chord	3/8	2	1	1/8	1/8	1	588		
63	61	183/2	183/2	0.5	1/4	1/4	Chord	3/8	2	1	1/8	1/8	1	589		
64	62	92	92	0.25	0	0	Chord	3/8	1	1	1/16	1/16	1	590		
64	62	369/4	369/4	0.25	1/16	1/16	Chord	3/8	1	1	1/16	1/16	1	591		
64	62	185/2	185/2	0.25	1/8	1/8	Chord	3/8	1	1	1/16	1/16	1	592		
64	62	371/4	371/4	0.25	3/16	3/16	Chord	3/8	1	1	1/16	1/16	1	593		
64	62	93	93	0.25	1/4	1/4	Chord	3/8	1	1	1/16	1/16	1	594		
64	62	373/4	373/4	0.25	5/16	5/16	Chord	3/8	1	1	1/16	1/16	1	595		
64	62	92	92	0.5	0	0	Chord	3/8	2	1	1/8	1/8	1	596		
64	62	185/2	185/2	0.5	1/8	1/8	Chord	3/8	2	1	1/8	1/8	1	597		
64	62	93	93	0.5	1/4	1/4	Chord	3/8	2	1	1/8	1/8	1	598		
65	63	187/2	187/2	0.5	0	0	Chord	3/8	1	1	1/8	1/8	1	599		
65	63	94	94	0.5	1/8	1/8	Chord	3/8	1	1	1/8	1/8	1	600		
65	63	189/2	189/2	0.5	1/4	1/4	Chord	3/8	1	1	1/8	1/8	1	601		
65	63	187/2	187/2	0.25	0	0	Chord	3/8	2	1	1/16	1/16	1	602		
65	63	375/4	375/4	0.25	1/16	1/16	Chord	3/8	2	1	1/16	1/16	1	603		
65	63	94	94	0.25	1/8	1/8	Chord	3/8	2	1	1/16	1/16	1	604		
65	63	377/4	377/4	0.25	3/16	3/16	Chord	3/8	2	1	1/16	1/16	1	605		
65	63	189/2	189/2	0.25	1/4	1/4	Chord	3/8	2	1	1/16	1/16	1	606		
65	63	379/4	379/4	0.25	5/16	5/16	Chord	3/8	2	1	1/16	1/16	1	607		
66	64	95	95	0.5	0	0	Chord	3/8	1	1	1/8	1/8	1	608		
66	64	191/2	191/2	0.5	1/8	1/8	Chord	3/8	1	1	1/8	1/8	1	609		
66	64	96	96	0.5	1/4	1/4	Chord	3/8	1	1	1/8	1/8	1	610		
66	64	95	95	0.25	0	0	Chord	3/8	2	1	1/16	1/16	1	611		
66	64	381/4	381/4	0.25	1/16	1/16	Chord	3/8	2	1	1/16	1/16	1	612		
66	64	191/2	191/2	0.25	1/8	1/8	Chord	3/8	2	1	1/16	1/16	1	613		
66	64	383/4	383/4	0.25	3/16	3/16	Chord	3/8	2	1	1/16	1/16	1	614		
66	64	96	96	0.25	1/4	1/4	Chord	3/8	2	1	1/16	1/16	1	615		
66	64	385/4	385/4	0.25	5/16	5/16	Chord	3/8	2	1	1/16	1/16	1	616		
67	65	193/2	193/2	0.25	0	0	Chord	3/8	1	1	1/16	1/16	1	617		
67	65	387/4	387/4	0.25	1/16	1/16	Chord	3/8	1	1	1/16	1/16	1	618		
67	65	97	97	0.25	1/8	1/8	Chord	3/8	1	1	1/16	1/16	1	619		
67	65	389/4	389/4	0.25	3/16	3/16	Chord	3/8	1	1	1/16	1/16	1	620		
67	65	195/2	195/2	0.25	1/4	1/4	Chord	3/8	1	1	1/16	1/16	1	621		
67	65	391/4	391/4	0.25	5/16	5/16	Chord	3/8	1	1	1/16	1/16	1	622		
67	65	193/2	193/2	0.25	0	0	Chord	3/8	2	1	1/16	1/16	1	623		
67	65	387/4	387/4	0.25	1/16	1/16	Chord	3/8	2	1	1/16	1/16	1	624		
67	65	97	97	0.25	1/8	1/8	Chord	3/8	2	1	1/16	1/16	1	625		
67	65	389/4	389/4	0.25	3/16	3/16	Chord	3/8	2	1	1/16	1/16	1	626		
67	65	195/2	195/2	0.25	1/4	1/4	Chord	3/8	2	1	1/16	1/16	1	627		
67	65	391/4	391/4	0.25	5/16	5/16	Chord	3/8	2	1	1/16	1/16	1	628		
68	66	98	98	0.25	0	0	Chord	3/8	1	1	1/16	1/16	1	629		
68	66	393/4	393/4	0.25	1/16	1/16	Chord	3/8	1	1	1/16	1/16	1	630		
68	66	197/2	197/2	0.25	1/8	1/8	Chord	3/8	1	1	1/16	1/16	1	631		
68	66	395/4	395/4	0.25	3/16	3/16	Chord	3/8	1	1	1/16	1/16	1	632		
68	66	99	99	0.25	1/4	1/4	Chord	3/8	1	1	1/16	1/16	1	633		
68	66	397/4	397/4	0.25	5/16	5/16	Chord	3/8	1	1	1/16	1/16	1	634		
68	66	98	98	0.25	0	0	Chord	3/8	2	1	1/16	1/16	1	635		
68	66	393/4	393/4	0.25	1/16	1/16	Chord	3/8	2	1	1/16	1/16	1	636		
68	66	197/2	197/2	0.25	1/8	1/8	Chord	3/8	2	1	1/16	1/16	1	637		
68	66	395/4	395/4	0.25	3/16	3/16	Chord	3/8	2	1	1/16	1/16	1	638		
68	66	99	99	0.25	1/4	1/4	Chord	3/8	2	1	1/16	1/16	1	639		
68	66	397/4	397/4	0.25	5/16	5/16	Chord	3/8	2	1	1/16	1/16	1	640		
69	67	199/2	199/2	0.25	0	0	Chord	3/8	1	1	1/16	1/16	1	641		
69	67	399/4	399/4	0.25	1/16	1/16	Chord	3/8	1	1	1/16	1/16	1	642		
69	67	100	100	0.5	1/8	1/8	Chord	3/8	1	1	1/8	1/8	1	643		
69	67	201/2	201/2	0.5	1/4	1/4	Chord	3/8	1	1	1/8	1/8	1	644		
69	67	199/2	199/2	0.25	0	0	Chord	3/8	2	1	1/16	1/16	1	645		
69	67	399/4	399/4	0.25	1/16	1/16	Chord	3/8	2	1	1/16	1/16	1	646		
69	67	100	100	0.5	1/8	1/8	Chord	3/8	2	1	1/8	1/8	1	647		
69	67	201/2	201/2	0.5	1/4	1/4	Chord	3/8	2	1	1/8	1/8	1	648		
70	68	101	101	1.0	0	0	Chord	3/8	1	1	1/4	1/4	1	649	ornamentMordent	
70	68	101	101	1.0	0	0	Chord	3/8	2	1	1/4	1/4	1	650		
