quarterbeats	duration_qb	mc	mn	volta	mc_onset	mn_onset	timesig	staff	voice	duration	nominal_duration	scalar	tied	tpc	midi	name	octave	chord_id
0	0.5	1	1		0	0	4/4	2	1	1/8	1/8	1		0	60	C4	4	12
0	0.25	1	1		0	0	4/4	1	1	1/16	1/16	1		0	72	C5	5	0
1/4	0.25	1	1		1/16	1/16	4/4	1	1	1/16	1/16	1		5	71	B4	4	1
1/2	0.5	1	1		1/8	1/8	4/4	2	1	1/8	1/8	1		0	48	C3	3	13
1/2	0.25	1	1		1/8	1/8	4/4	1	1	1/16	1/16	1		0	72	C5	5	2
3/4	0.25	1	1		3/16	3/16	4/4	1	1	1/16	1/16	1		2	74	D5	5	3
1	0.5	1	1		1/4	1/4	4/4	2	1	1/8	1/8	1		0	60	C4	4	14
1	0.25	1	1		1/4	1/4	4/4	1	1	1/16	1/16	1		-3	75	Eb5	5	4
5/4	0.25	1	1		5/16	5/16	4/4	1	1	1/16	1/16	1		-1	77	F5	5	5
3/2	0.5	1	1		3/8	3/8	4/4	2	1	1/8	1/8	1		-2	58	Bb3	3	15
3/2	0.5	1	1		3/8	3/8	4/4	1	1	1/8	1/8	1		1	79	G5	5	6
2	0.25	1	1		1/2	1/2	4/4	2	1	1/16	1/16	1		-4	56	Ab3	3	16
2	0.5	1	1		1/2	1/2	4/4	1	1	1/8	1/8	1		1	79	G5	5	7
9/4	0.25	1	1		9/16	9/16	4/4	2	1	1/16	1/16	1		-2	58	Bb3	3	17
5/2	0.25	1	1		5/8	5/8	4/4	2	1	1/16	1/16	1		0	60	C4	4	18
5/2	0.5	1	1		5/8	5/8	4/4	1	1	1/8	1/8	1		0	72	C5	5	8
11/4	0.25	1	1		11/16	11/16	4/4	2	1	1/16	1/16	1		-2	58	Bb3	3	19
3	0.25	1	1		3/4	3/4	4/4	2	1	1/16	1/16	1		-4	56	Ab3	3	20
3	0.5	1	1		3/4	3/4	4/4	1	1	1/8	1/8	1		0	72	C5	5	9
13/4	0.25	1	1		13/16	13/16	4/4	2	1	1/16	1/16	1		1	55	G3	3	21
7/2	0.25	1	1		7/8	7/8	4/4	2	1	1/16	1/16	1		-1	53	F3	3	22
7/2	0.25	1	1		7/8	7/8	4/4	1	1	1/16	1/16	1		0	84	C6	6	10
15/4	0.25	1	1		15/16	15/16	4/4	2	1	1/16	1/16	1		-3	51	Eb3	3	23
15/4	0.25	1	1		15/16	15/16	4/4	1	1	1/16	1/16	1		1	79	G5	5	11
4	0.5	2	2		0	0	4/4	2	1	1/8	1/8	1		-1	53	F3	3	38
4	0.75	2	2		0	0	4/4	1	1	3/16	1/8	3/2		-4	80	Ab5	5	24
9/2	0.5	2	2		1/8	1/8	4/4	2	1	1/8	1/8	1		1	55	G3	3	39
19/4	0.25	2	2		3/16	3/16	4/4	1	1	1/16	1/16	1		1	79	G5	5	25
5	0.5	2	2		1/4	1/4	4/4	2	1	1/8	1/8	1		-4	56	Ab3	3	40
5	0.25	2	2		1/4	1/4	4/4	1	1	1/16	1/16	1		-1	77	F5	5	26
21/4	0.25	2	2		5/16	5/16	4/4	1	1	1/16	1/16	1		-3	75	Eb5	5	27
11/2	0.5	2	2		3/8	3/8	4/4	2	1	1/8	1/8	1		-1	53	F3	3	41
11/2	0.25	2	2		3/8	3/8	4/4	1	1	1/16	1/16	1		2	74	D5	5	28
23/4	0.25	2	2		7/16	7/16	4/4	1	1	1/16	1/16	1		0	72	C5	5	29
6	0.5	2	2		1/2	1/2	4/4	2	1	1/8	1/8	1		1	55	G3	3	42
6	0.25	2	2		1/2	1/2	4/4	1	1	1/16	1/16	1		5	71	B4	4	30
25/4	0.25	2	2		9/16	9/16	4/4	1	1	1/16	1/16	1		3	69	A4	4	31
13/2	0.5	2	2		5/8	5/8	4/4	2	1	1/8	1/8	1		3	57	A3	3	43
13/2	0.25	2	2		5/8	5/8	4/4	1	1	1/16	1/16	1		5	71	B4	4	32
27/4	0.25	2	2		11/16	11/16	4/4	1	1	1/16	1/16	1		0	72	C5	5	33
7	0.5	2	2		3/4	3/4	4/4	2	1	1/8	1/8	1		5	59	B3	3	44
7	0.25	2	2		3/4	3/4	4/4	1	1	1/16	1/16	1		2	74	D5	5	34
29/4	0.25	2	2		13/16	13/16	4/4	1	1	1/16	1/16	1		-3	75	Eb5	5	35
15/2	0.5	2	2		7/8	7/8	4/4	2	1	1/8	1/8	1		1	55	G3	3	45
15/2	0.25	2	2		7/8	7/8	4/4	1	1	1/16	1/16	1		-1	77	F5	5	36
31/4	0.25	2	2		15/16	15/16	4/4	1	1	1/16	1/16	1		2	74	D5	5	37
8	0.25	3	3		0	0	4/4	2	1	1/16	1/16	1		0	48	C3	3	58
8	0.5	3	3		0	0	4/4	1	1	1/8	1/8	1		-3	75	Eb5	5	46
33/4	0.25	3	3		1/16	1/16	4/4	2	1	1/16	1/16	1		5	47	B2	2	59
17/2	0.25	3	3		1/8	1/8	4/4	2	1	1/16	1/16	1		0	48	C3	3	60
17/2	0.5	3	3		1/8	1/8	4/4	1	1	1/8	1/8	1		0	72	C5	5	47
35/4	0.25	3	3		3/16	3/16	4/4	2	1	1/16	1/16	1		2	50	D3	3	61
9	0.25	3	3		1/4	1/4	4/4	2	1	1/16	1/16	1		-3	51	Eb3	3	62
9	0.5	3	3		1/4	1/4	4/4	1	1	1/8	1/8	1		1	79	G5	5	48
37/4	0.25	3	3		5/16	5/16	4/4	2	1	1/16	1/16	1		-1	53	F3	3	63
19/2	0.25	3	3		3/8	3/8	4/4	2	1	1/16	1/16	1		1	55	G3	3	64
19/2	0.5	3	3		3/8	3/8	4/4	1	1	1/8	1/8	1		-2	70	Bb4	4	49
39/4	0.25	3	3		7/16	7/16	4/4	2	1	1/16	1/16	1		-3	51	Eb3	3	65
10	0.5	3	3		1/2	1/2	4/4	2	1	1/8	1/8	1		-1	53	F3	3	66
10	0.25	3	3		1/2	1/2	4/4	1	1	1/16	1/16	1		-4	68	Ab4	4	50
41/4	0.25	3	3		9/16	9/16	4/4	1	1	1/16	1/16	1		1	67	G4	4	51
21/2	0.5	3	3		5/8	5/8	4/4	2	1	1/8	1/8	1		-4	56	Ab3	3	67
21/2	0.25	3	3		5/8	5/8	4/4	1	1	1/16	1/16	1		-4	68	Ab4	4	52
43/4	0.25	3	3		11/16	11/16	4/4	1	1	1/16	1/16	1		-1	77	F5	5	53
11	0.5	3	3		3/4	3/4	4/4	2	1	1/8	1/8	1		-2	58	Bb3	3	68
11	0.25	3	3		3/4	3/4	4/4	1	1	1/16	1/16	1		-3	75	Eb5	5	54
45/4	0.25	3	3		13/16	13/16	4/4	1	1	1/16	1/16	1		2	74	D5	5	55
23/2	0.5	3	3		7/8	7/8	4/4	2	1	1/8	1/8	1		2	50	D3	3	69
23/2	0.25	3	3		7/8	7/8	4/4	1	1	1/16	1/16	1		0	72	C5	5	56
47/4	0.25	3	3		15/16	15/16	4/4	1	1	1/16	1/16	1		-2	70	Bb4	4	57
	0.5	4	4	1	0	0	4/4	2	1	1/8	1/8	1		-3	51	Eb3	3	79
	0.25	4	4	1	0	0	4/4	1	1	1/16	1/16	1		-4	80	Ab5	5	70
	0.25	4	4	1	1/16	1/16	4/4	1	1	1/16	1/16	1		-1	77	F5	5	71
	0.5	4	4	1	1/8	1/8	4/4	2	1	1/8	1/8	1		-4	56	Ab3	3	80
	0.25	4	4	1	1/8	1/8	4/4	1	1	1/16	1/16	1		1	79	G5	5	72
	0.25	4	4	1	3/16	3/16	4/4	1	1	1/16	1/16	1		-3	75	Eb5	5	73
	0.5	4	4	1	1/4	1/4	4/4	2	1	1/8	1/8	1		-2	58	Bb3	3	81
	0.25	4	4	1	1/4	1/4	4/4	1	1	1/16	1/16	1		1	79	G5	5	74
	0.25	4	4	1	5/16	5/16	4/4	1	1	1/16	1/16	1		-1	77	F5	5	75
	0.5	4	4	1	3/8	3/8	4/4	2	1	1/8	1/8	1		-2	46	Bb2	2	82
	0.25	4	4	1	3/8	3/8	4/4	1	1	1/16	1/16	1		-3	75	Eb5	5	76
	0.25	4	4	1	7/16	7/16	4/4	1	1	1/16	1/16	1		2	74	D5	5	77
	0.25	4	4	1	1/2	1/2	4/4	2	1	1/16	1/16	1		-3	51	Eb3	3	83
	2.0	4	4	1	1/2	1/2	4/4	1	1	1/2	1/2	1		-3	75	Eb5	5	78
	0.25	4	4	1	9/16	9/16	4/4	2	1	1/16	1/16	1		2	50	D3	3	84
	0.25	4	4	1	5/8	5/8	4/4	2	1	1/16	1/16	1		-3	51	Eb3	3	85
	0.25	4	4	1	11/16	11/16	4/4	2	1	1/16	1/16	1		-1	53	F3	3	86
	0.25	4	4	1	3/4	3/4	4/4	2	1	1/16	1/16	1		1	55	G3	3	87
	0.25	4	4	1	13/16	13/16	4/4	2	1	1/16	1/16	1		3	57	A3	3	88
	0.25	4	4	1	7/8	7/8	4/4	2	1	1/16	1/16	1		5	59	B3	3	89
	0.25	4	4	1	15/16	15/16	4/4	2	1	1/16	1/16	1		1	55	G3	3	90
12	0.5	5	4	2	0	0	4/4	2	1	1/8	1/8	1		-3	51	Eb3	3	100
12	0.25	5	4	2	0	0	4/4	1	1	1/16	1/16	1		-4	80	Ab5	5	91
49/4	0.25	5	4	2	1/16	1/16	4/4	1	1	1/16	1/16	1		-1	77	F5	5	92
25/2	0.5	5	4	2	1/8	1/8	4/4	2	1	1/8	1/8	1		-4	56	Ab3	3	101
25/2	0.25	5	4	2	1/8	1/8	4/4	1	1	1/16	1/16	1		1	79	G5	5	93
51/4	0.25	5	4	2	3/16	3/16	4/4	1	1	1/16	1/16	1		-3	75	Eb5	5	94
13	0.5	5	4	2	1/4	1/4	4/4	2	1	1/8	1/8	1		-2	58	Bb3	3	102
13	0.25	5	4	2	1/4	1/4	4/4	1	1	1/16	1/16	1		1	79	G5	5	95
53/4	0.25	5	4	2	5/16	5/16	4/4	1	1	1/16	1/16	1		-1	77	F5	5	96
27/2	0.5	5	4	2	3/8	3/8	4/4	2	1	1/8	1/8	1		-2	46	Bb2	2	103
27/2	0.25	5	4	2	3/8	3/8	4/4	1	1	1/16	1/16	1		-3	75	Eb5	5	97
55/4	0.25	5	4	2	7/16	7/16	4/4	1	1	1/16	1/16	1		2	74	D5	5	98
14	0.5	5	4	2	1/2	1/2	4/4	2	1	1/8	1/8	1		-3	51	Eb3	3	104
14	2.0	5	4	2	1/2	1/2	4/4	1	1	1/2	1/2	1		-3	75	Eb5	5	99
29/2	0.5	5	4	2	5/8	5/8	4/4	2	1	1/8	1/8	1		-2	46	Bb2	2	105
15	1.0	5	4	2	3/4	3/4	4/4	2	1	1/4	1/4	1		-3	39	Eb2	2	106
16	0.5	6	5		0	0	4/4	2	1	1/8	1/8	1		-3	51	Eb3	3	121
16	0.25	6	5		0	0	4/4	1	1	1/16	1/16	1		1	79	G5	5	107
65/4	0.25	6	5		1/16	1/16	4/4	1	1	1/16	1/16	1		-4	80	Ab5	5	108
33/2	0.5	6	5		1/8	1/8	4/4	2	1	1/8	1/8	1		-1	53	F3	3	122
33/2	0.25	6	5		1/8	1/8	4/4	1	1	1/16	1/16	1		1	79	G5	5	109
67/4	0.25	6	5		3/16	3/16	4/4	1	1	1/16	1/16	1		-1	77	F5	5	110
17	0.5	6	5		1/4	1/4	4/4	2	1	1/8	1/8	1		1	55	G3	3	123
17	0.25	6	5		1/4	1/4	4/4	1	1	1/16	1/16	1		-3	75	Eb5	5	111
69/4	0.25	6	5		5/16	5/16	4/4	1	1	1/16	1/16	1		2	74	D5	5	112
35/2	0.5	6	5		3/8	3/8	4/4	2	1	1/8	1/8	1		-3	51	Eb3	3	124
35/2	0.25	6	5		3/8	3/8	4/4	1	1	1/16	1/16	1		0	72	C5	5	113
71/4	0.25	6	5		7/16	7/16	4/4	1	1	1/16	1/16	1		-2	70	Bb4	4	114
18	0.25	6	5		1/2	1/2	4/4	2	1	1/16	1/16	1		-1	53	F3	3	125
18	0.25	6	5		1/2	1/2	4/4	1	1	1/16	1/16	1		3	69	A4	4	115
73/4	0.25	6	5		9/16	9/16	4/4	2	1	1/16	1/16	1		1	55	G3	3	126
73/4	0.25	6	5		9/16	9/16	4/4	1	1	1/16	1/16	1		-2	70	Bb4	4	116
37/2	0.25	6	5		5/8	5/8	4/4	2	1	1/16	1/16	1		3	57	A3	3	127
37/2	0.25	6	5		5/8	5/8	4/4	1	1	1/16	1/16	1		0	72	C5	5	117
75/4	0.25	6	5		11/16	11/16	4/4	2	1	1/16	1/16	1		-2	58	Bb3	3	128
75/4	0.25	6	5		11/16	11/16	4/4	1	1	1/16	1/16	1		3	69	A4	4	118
19	0.25	6	5		3/4	3/4	4/4	2	1	1/16	1/16	1		0	60	C4	4	129
19	0.5	6	5		3/4	3/4	4/4	1	1	1/8	1/8	1		-1	65	F4	4	119
77/4	0.25	6	5		13/16	13/16	4/4	2	1	1/16	1/16	1		2	62	D4	4	130
39/2	0.25	6	5		7/8	7/8	4/4	2	1	1/16	1/16	1		-3	63	Eb4	4	131
39/2	0.5	6	5		7/8	7/8	4/4	1	1	1/8	1/8	1	1	-1	77	F5	5	120
79/4	0.25	6	5		15/16	15/16	4/4	2	1	1/16	1/16	1		0	60	C4	4	132
20	0.5	7	6		0	0	4/4	2	1	1/8	1/8	1		2	62	D4	4	145
20	0.5	7	6		0	0	4/4	1	1	1/8	1/8	1	-1	-1	77	F5	5	133
41/2	0.5	7	6		1/8	1/8	4/4	2	1	1/8	1/8	1		-3	63	Eb4	4	146
41/2	0.25	7	6		1/8	1/8	4/4	1	1	1/16	1/16	1		-3	75	Eb5	5	134
83/4	0.25	7	6		3/16	3/16	4/4	1	1	1/16	1/16	1		2	74	D5	5	135
21	0.5	7	6		1/4	1/4	4/4	2	1	1/8	1/8	1		-1	65	F4	4	147
21	0.25	7	6		1/4	1/4	4/4	1	1	1/16	1/16	1		0	72	C5	5	136
85/4	0.25	7	6		5/16	5/16	4/4	1	1	1/16	1/16	1		2	74	D5	5	137
43/2	0.5	7	6		3/8	3/8	4/4	2	1	1/8	1/8	1		-1	53	F3	3	148
43/2	0.25	7	6		3/8	3/8	4/4	1	1	1/16	1/16	1		-3	75	Eb5	5	138
87/4	0.25	7	6		7/16	7/16	4/4	1	1	1/16	1/16	1		0	72	C5	5	139
22	0.75	7	6		1/2	1/2	4/4	2	1	3/16	1/8	3/2		-2	58	Bb3	3	149
22	0.25	7	6		1/2	1/2	4/4	1	1	1/16	1/16	1		-3	75	Eb5	5	140
89/4	0.25	7	6		9/16	9/16	4/4	1	1	1/16	1/16	1		2	74	D5	5	141
45/2	0.25	7	6		5/8	5/8	4/4	1	1	1/16	1/16	1		0	72	C5	5	142
91/4	0.25	7	6		11/16	11/16	4/4	2	1	1/16	1/16	1		3	57	A3	3	150
91/4	0.25	7	6		11/16	11/16	4/4	1	1	1/16	1/16	1		-2	70	Bb4	4	143
23	0.25	7	6		3/4	3/4	4/4	2	1	1/16	1/16	1		1	55	G3	3	151
23	1.0	7	6		3/4	3/4	4/4	1	1	1/4	1/4	1	1	-2	82	Bb5	5	144
93/4	0.25	7	6		13/16	13/16	4/4	2	1	1/16	1/16	1		-1	53	F3	3	152
47/2	0.25	7	6		7/8	7/8	4/4	2	1	1/16	1/16	1		-3	51	Eb3	3	153
95/4	0.25	7	6		15/16	15/16	4/4	2	1	1/16	1/16	1		2	50	D3	3	154
24	0.5	8	7		0	0	4/4	2	1	1/8	1/8	1		0	48	C3	3	170
24	0.5	8	7		0	0	4/4	1	1	1/8	1/8	1	-1	-2	82	Bb5	5	155
49/2	0.5	8	7		1/8	1/8	4/4	2	1	1/8	1/8	1		2	50	D3	3	171
49/2	0.25	8	7		1/8	1/8	4/4	1	1	1/16	1/16	1		3	81	A5	5	156
99/4	0.25	8	7		3/16	3/16	4/4	1	1	1/16	1/16	1		-2	82	Bb5	5	157
25	0.5	8	7		1/4	1/4	4/4	2	1	1/8	1/8	1		-3	51	Eb3	3	172
25	0.25	8	7		1/4	1/4	4/4	1	1	1/16	1/16	1		0	84	C6	6	158
101/4	0.25	8	7		5/16	5/16	4/4	1	1	1/16	1/16	1		-2	82	Bb5	5	159
51/2	0.5	8	7		3/8	3/8	4/4	2	1	1/8	1/8	1		0	48	C3	3	173
51/2	0.25	8	7		3/8	3/8	4/4	1	1	1/16	1/16	1		3	81	A5	5	160
103/4	0.25	8	7		7/16	7/16	4/4	1	1	1/16	1/16	1		1	79	G5	5	161
26	0.5	8	7		1/2	1/2	4/4	2	1	1/8	1/8	1		2	50	D3	3	174
26	0.25	8	7		1/2	1/2	4/4	1	1	1/16	1/16	1		6	78	F#5	5	162
105/4	0.25	8	7		9/16	9/16	4/4	1	1	1/16	1/16	1		1	79	G5	5	163
53/2	0.5	8	7		5/8	5/8	4/4	2	1	1/8	1/8	1		4	52	E3	3	175
53/2	0.25	8	7		5/8	5/8	4/4	1	1	1/16	1/16	1		3	81	A5	5	164
107/4	0.25	8	7		11/16	11/16	4/4	1	1	1/16	1/16	1		6	78	F#5	5	165
27	0.5	8	7		3/4	3/4	4/4	2	1	1/8	1/8	1		6	54	F#3	3	176
27	0.25	8	7		3/4	3/4	4/4	1	1	1/16	1/16	1		2	74	D5	5	166
109/4	0.25	8	7		13/16	13/16	4/4	1	1	1/16	1/16	1		6	78	F#5	5	167
55/2	0.5	8	7		7/8	7/8	4/4	2	1	1/8	1/8	1		2	50	D3	3	177
55/2	0.25	8	7		7/8	7/8	4/4	1	1	1/16	1/16	1		3	81	A5	5	168
111/4	0.25	8	7		15/16	15/16	4/4	1	1	1/16	1/16	1		0	84	C6	6	169
28	0.5	9	8		0	0	4/4	2	1	1/8	1/8	1		1	55	G3	3	183
28	0.75	9	8		0	0	4/4	1	1	3/16	1/8	3/2		-2	82	Bb5	5	178
57/2	0.5	9	8		1/8	1/8	4/4	2	1	1/8	1/8	1		0	48	C3	3	184
115/4	0.25	9	8		3/16	3/16	4/4	1	1	1/16	1/16	1		3	81	A5	5	179
29	0.5	9	8		1/4	1/4	4/4	2	1	1/8	1/8	1		2	50	D3	3	185
29	0.75	9	8		1/4	1/4	4/4	1	1	3/16	1/8	3/2		3	81	A5	5	180
59/2	0.5	9	8		3/8	3/8	4/4	2	1	1/8	1/8	1		2	38	D2	2	186
119/4	0.25	9	8		7/16	7/16	4/4	1	1	1/16	1/16	1		1	79	G5	5	181
30	0.5	9	8		1/2	1/2	4/4	2	1	1/8	1/8	1		1	43	G2	2	187
30	2.0	9	8		1/2	1/2	4/4	1	1	1/2	1/2	1		1	79	G5	5	182
61/2	0.25	9	8		5/8	5/8	4/4	2	1	1/16	1/16	1		1	55	G3	3	188
123/4	0.25	9	8		11/16	11/16	4/4	2	1	1/16	1/16	1		3	57	A3	3	189
31	0.25	9	8		3/4	3/4	4/4	2	1	1/16	1/16	1		5	59	B3	3	190
125/4	0.25	9	8		13/16	13/16	4/4	2	1	1/16	1/16	1		0	60	C4	4	191
63/2	0.25	9	8		7/8	7/8	4/4	2	1	1/16	1/16	1		2	62	D4	4	192
127/4	0.25	9	8		15/16	15/16	4/4	2	1	1/16	1/16	1		5	59	B3	3	193
32	0.5	10	9		0	0	4/4	2	1	1/8	1/8	1		0	60	C4	4	208
32	0.25	10	9		0	0	4/4	1	1	1/16	1/16	1		4	76	E5	5	194
129/4	0.25	10	9		1/16	1/16	4/4	1	1	1/16	1/16	1		2	74	D5	5	195
65/2	0.5	10	9		1/8	1/8	4/4	2	1	1/8	1/8	1		0	48	C3	3	209
65/2	0.25	10	9		1/8	1/8	4/4	1	1	1/16	1/16	1		4	76	E5	5	196
131/4	0.25	10	9		3/16	3/16	4/4	1	1	1/16	1/16	1		-1	77	F5	5	197
33	0.5	10	9		1/4	1/4	4/4	2	1	1/8	1/8	1		0	48	C3	3	210
33	0.25	10	9		1/4	1/4	4/4	1	1	1/16	1/16	1		1	79	G5	5	198
133/4	0.25	10	9		5/16	5/16	4/4	1	1	1/16	1/16	1		-4	80	Ab5	5	199
67/2	0.5	10	9		3/8	3/8	4/4	2	1	1/8	1/8	1		0	60	C4	4	211
67/2	0.25	10	9		3/8	3/8	4/4	1	1	1/16	1/16	1		-2	82	Bb5	5	200
135/4	0.25	10	9		7/16	7/16	4/4	1	1	1/16	1/16	1		1	79	G5	5	201
34	0.25	10	9		1/2	1/2	4/4	2	1	1/16	1/16	1		-1	53	F3	3	212
34	0.5	10	9		1/2	1/2	4/4	1	1	1/8	1/8	1		-4	80	Ab5	5	202
137/4	0.25	10	9		9/16	9/16	4/4	2	1	1/16	1/16	1		4	52	E3	3	213
69/2	0.25	10	9		5/8	5/8	4/4	2	1	1/16	1/16	1		-1	53	F3	3	214
69/2	0.5	10	9		5/8	5/8	4/4	1	1	1/8	1/8	1	1	0	72	C5	5	203
139/4	0.25	10	9		11/16	11/16	4/4	2	1	1/16	1/16	1		1	55	G3	3	215
35	0.25	10	9		3/4	3/4	4/4	2	1	1/16	1/16	1		-4	56	Ab3	3	216
35	0.25	10	9		3/4	3/4	4/4	1	1	1/16	1/16	1	-1	0	72	C5	5	204
141/4	0.25	10	9		13/16	13/16	4/4	2	1	1/16	1/16	1		-2	58	Bb3	3	217
141/4	0.25	10	9		13/16	13/16	4/4	1	1	1/16	1/16	1		2	74	D5	5	205
71/2	0.25	10	9		7/8	7/8	4/4	2	1	1/16	1/16	1		0	60	C4	4	218
71/2	0.25	10	9		7/8	7/8	4/4	1	1	1/16	1/16	1		-3	75	Eb5	5	206
143/4	0.25	10	9		15/16	15/16	4/4	2	1	1/16	1/16	1		-4	56	Ab3	3	219
143/4	0.25	10	9		15/16	15/16	4/4	1	1	1/16	1/16	1		0	72	C5	5	207
36	0.5	11	10		0	0	4/4	2	1	1/8	1/8	1		-2	58	Bb3	3	234
36	0.25	11	10		0	0	4/4	1	1	1/16	1/16	1		2	74	D5	5	220
145/4	0.25	11	10		1/16	1/16	4/4	1	1	1/16	1/16	1		0	72	C5	5	221
73/2	0.5	11	10		1/8	1/8	4/4	2	1	1/8	1/8	1		-2	46	Bb2	2	235
73/2	0.25	11	10		1/8	1/8	4/4	1	1	1/16	1/16	1		2	74	D5	5	222
147/4	0.25	11	10		3/16	3/16	4/4	1	1	1/16	1/16	1		-3	75	Eb5	5	223
37	0.5	11	10		1/4	1/4	4/4	2	1	1/8	1/8	1		-2	46	Bb2	2	236
37	0.25	11	10		1/4	1/4	4/4	1	1	1/16	1/16	1		-1	77	F5	5	224
149/4	0.25	11	10		5/16	5/16	4/4	1	1	1/16	1/16	1		1	79	G5	5	225
75/2	0.5	11	10		3/8	3/8	4/4	2	1	1/8	1/8	1		-2	58	Bb3	3	237
75/2	0.25	11	10		3/8	3/8	4/4	1	1	1/16	1/16	1		-4	80	Ab5	5	226
151/4	0.25	11	10		7/16	7/16	4/4	1	1	1/16	1/16	1		-1	77	F5	5	227
38	0.25	11	10		1/2	1/2	4/4	2	1	1/16	1/16	1		-3	51	Eb3	3	238
38	0.5	11	10		1/2	1/2	4/4	1	1	1/8	1/8	1		1	79	G5	5	228
153/4	0.25	11	10		9/16	9/16	4/4	2	1	1/16	1/16	1		2	50	D3	3	239
77/2	0.25	11	10		5/8	5/8	4/4	2	1	1/16	1/16	1		-3	51	Eb3	3	240
77/2	0.5	11	10		5/8	5/8	4/4	1	1	1/8	1/8	1	1	5	71	B4	4	229
155/4	0.25	11	10		11/16	11/16	4/4	2	1	1/16	1/16	1		-1	53	F3	3	241
39	0.25	11	10		3/4	3/4	4/4	2	1	1/16	1/16	1		1	55	G3	3	242
39	0.25	11	10		3/4	3/4	4/4	1	1	1/16	1/16	1	-1	5	71	B4	4	230
157/4	0.25	11	10		13/16	13/16	4/4	2	1	1/16	1/16	1		-4	56	Ab3	3	243
157/4	0.25	11	10		13/16	13/16	4/4	1	1	1/16	1/16	1		0	72	C5	5	231
79/2	0.25	11	10		7/8	7/8	4/4	2	1	1/16	1/16	1		-2	58	Bb3	3	244
79/2	0.25	11	10		7/8	7/8	4/4	1	1	1/16	1/16	1		2	74	D5	5	232
159/4	0.25	11	10		15/16	15/16	4/4	2	1	1/16	1/16	1		1	55	G3	3	245
159/4	0.25	11	10		15/16	15/16	4/4	1	1	1/16	1/16	1		5	71	B4	4	233
40	0.5	12	11		0	0	4/4	2	1	1/8	1/8	1		-4	56	Ab3	3	262
40	0.25	12	11		0	0	4/4	1	1	1/16	1/16	1		0	72	C5	5	246
161/4	0.25	12	11		1/16	1/16	4/4	1	1	1/16	1/16	1		1	79	G5	5	247
81/2	0.5	12	11		1/8	1/8	4/4	2	1	1/8	1/8	1		1	55	G3	3	263
81/2	0.25	12	11		1/8	1/8	4/4	1	1	1/16	1/16	1		-1	77	F5	5	248
163/4	0.25	12	11		3/16	3/16	4/4	1	1	1/16	1/16	1		-3	75	Eb5	5	249
41	0.5	12	11		1/4	1/4	4/4	2	1	1/8	1/8	1		-4	56	Ab3	3	264
41	0.25	12	11		1/4	1/4	4/4	1	1	1/16	1/16	1		-1	77	F5	5	250
165/4	0.25	12	11		5/16	5/16	4/4	1	1	1/16	1/16	1		2	74	D5	5	251
83/2	0.5	12	11		3/8	3/8	4/4	2	1	1/8	1/8	1		-1	53	F3	3	265
83/2	0.25	12	11		3/8	3/8	4/4	1	1	1/16	1/16	1		-3	75	Eb5	5	252
167/4	0.25	12	11		7/16	7/16	4/4	1	1	1/16	1/16	1		0	72	C5	5	253
42	0.5	12	11		1/2	1/2	4/4	2	1	1/8	1/8	1		1	55	G3	3	266
42	0.25	12	11		1/2	1/2	4/4	1	1	1/16	1/16	1		5	71	B4	4	254
169/4	0.25	12	11		9/16	9/16	4/4	1	1	1/16	1/16	1		-1	77	F5	5	255
85/2	0.5	12	11		5/8	5/8	4/4	2	1	1/8	1/8	1		-1	53	F3	3	267
85/2	0.25	12	11		5/8	5/8	4/4	1	1	1/16	1/16	1		-3	75	Eb5	5	256
171/4	0.25	12	11		11/16	11/16	4/4	1	1	1/16	1/16	1		2	74	D5	5	257
43	0.5	12	11		3/4	3/4	4/4	2	1	1/8	1/8	1		1	55	G3	3	268
43	0.25	12	11		3/4	3/4	4/4	1	1	1/16	1/16	1		-3	75	Eb5	5	258
173/4	0.25	12	11		13/16	13/16	4/4	1	1	1/16	1/16	1		0	72	C5	5	259
87/2	0.5	12	11		7/8	7/8	4/4	2	1	1/8	1/8	1		-3	51	Eb3	3	269
87/2	0.25	12	11		7/8	7/8	4/4	1	1	1/16	1/16	1		2	74	D5	5	260
175/4	0.25	12	11		15/16	15/16	4/4	1	1	1/16	1/16	1		-2	70	Bb4	4	261
44	0.5	13	12		0	0	4/4	2	1	1/8	1/8	1		-1	53	F3	3	286
44	0.25	13	12		0	0	4/4	1	1	1/16	1/16	1		-4	68	Ab4	4	270
177/4	0.25	13	12		1/16	1/16	4/4	1	1	1/16	1/16	1		-3	75	Eb5	5	271
89/2	0.5	13	12		1/8	1/8	4/4	2	1	1/8	1/8	1		-3	51	Eb3	3	287
89/2	0.25	13	12		1/8	1/8	4/4	1	1	1/16	1/16	1		2	74	D5	5	272
179/4	0.25	13	12		3/16	3/16	4/4	1	1	1/16	1/16	1		0	72	C5	5	273
45	0.5	13	12		1/4	1/4	4/4	2	1	1/8	1/8	1		-1	53	F3	3	288
45	0.25	13	12		1/4	1/4	4/4	1	1	1/16	1/16	1		2	74	D5	5	274
181/4	0.25	13	12		5/16	5/16	4/4	1	1	1/16	1/16	1		5	71	B4	4	275
91/2	0.5	13	12		3/8	3/8	4/4	2	1	1/8	1/8	1		2	50	D3	3	289
91/2	0.25	13	12		3/8	3/8	4/4	1	1	1/16	1/16	1		0	72	C5	5	276
183/4	0.25	13	12		7/16	7/16	4/4	1	1	1/16	1/16	1		-4	68	Ab4	4	277
46	0.5	13	12		1/2	1/2	4/4	2	1	1/8	1/8	1		1	55	G3	3	290
46	0.25	13	12		1/2	1/2	4/4	1	1	1/16	1/16	1		-1	65	F4	4	278
185/4	0.25	13	12		9/16	9/16	4/4	1	1	1/16	1/16	1		0	72	C5	5	279
93/2	0.5	13	12		5/8	5/8	4/4	2	1	1/8	1/8	1		-1	53	F3	3	291
93/2	0.25	13	12		5/8	5/8	4/4	1	1	1/16	1/16	1		5	71	B4	4	280
187/4	0.25	13	12		11/16	11/16	4/4	1	1	1/16	1/16	1		3	69	A4	4	281
47	0.5	13	12		3/4	3/4	4/4	2	1	1/8	1/8	1		-3	51	Eb3	3	292
47	0.25	13	12		3/4	3/4	4/4	1	1	1/16	1/16	1		5	71	B4	4	282
189/4	0.25	13	12		13/16	13/16	4/4	1	1	1/16	1/16	1		1	67	G4	4	283
95/2	0.5	13	12		7/8	7/8	4/4	2	1	1/8	1/8	1		2	50	D3	3	293
95/2	0.25	13	12		7/8	7/8	4/4	1	1	1/16	1/16	1		-4	68	Ab4	4	284
191/4	0.25	13	12		15/16	15/16	4/4	1	1	1/16	1/16	1		-1	65	F4	4	285
48	0.25	14	13		0	0	4/4	2	1	1/16	1/16	1		0	48	C3	3	308
48	0.25	14	13		0	0	4/4	1	1	1/16	1/16	1		-3	63	Eb4	4	294
193/4	0.25	14	13		1/16	1/16	4/4	2	1	1/16	1/16	1		5	47	B2	2	309
193/4	0.25	14	13		1/16	1/16	4/4	1	1	1/16	1/16	1		2	62	D4	4	295
97/2	0.25	14	13		1/8	1/8	4/4	2	1	1/16	1/16	1		0	48	C3	3	310
97/2	0.25	14	13		1/8	1/8	4/4	1	1	1/16	1/16	1		-3	63	Eb4	4	296
195/4	0.25	14	13		3/16	3/16	4/4	2	1	1/16	1/16	1		2	50	D3	3	311
195/4	0.25	14	13		3/16	3/16	4/4	1	1	1/16	1/16	1		1	67	G4	4	297
49	0.25	14	13		1/4	1/4	4/4	2	1	1/16	1/16	1		-3	51	Eb3	3	312
49	0.5	14	13		1/4	1/4	4/4	1	1	1/8	1/8	1		0	72	C5	5	298
197/4	0.25	14	13		5/16	5/16	4/4	2	1	1/16	1/16	1		-1	53	F3	3	313
99/2	0.5	14	13		3/8	3/8	4/4	2	1	1/8	1/8	1		1	55	G3	3	314
99/2	0.5	14	13		3/8	3/8	4/4	1	1	1/8	1/8	1		-3	63	Eb4	4	299
50	0.5	14	13		1/2	1/2	4/4	2	1	1/8	1/8	1		1	55	G3	3	315
50	0.25	14	13		1/2	1/2	4/4	1	1	1/16	1/16	1		2	62	D4	4	300
201/4	0.25	14	13		9/16	9/16	4/4	1	1	1/16	1/16	1		-3	63	Eb4	4	301
101/2	0.5	14	13		5/8	5/8	4/4	2	1	1/8	1/8	1		-4	44	Ab2	2	316
101/2	0.25	14	13		5/8	5/8	4/4	1	1	1/16	1/16	1		-1	65	F4	4	302
203/4	0.25	14	13		11/16	11/16	4/4	1	1	1/16	1/16	1		2	74	D5	5	303
51	0.5	14	13		3/4	3/4	4/4	2	1	1/8	1/8	1		1	43	G2	2	317
51	0.25	14	13		3/4	3/4	4/4	1	1	1/16	1/16	1		0	72	C5	5	304
205/4	0.25	14	13		13/16	13/16	4/4	1	1	1/16	1/16	1		5	71	B4	4	305
103/2	0.25	14	13		7/8	7/8	4/4	2	1	1/16	1/16	1		0	60	C4	4	318
103/2	0.25	14	13		7/8	7/8	4/4	1	1	1/16	1/16	1		3	69	A4	4	306
207/4	0.25	14	13		15/16	15/16	4/4	2	1	1/16	1/16	1		1	55	G3	3	319
207/4	0.25	14	13		15/16	15/16	4/4	1	1	1/16	1/16	1		1	67	G4	4	307
52	0.75	15	14		0	0	4/4	2	1	3/16	1/8	3/2		-4	56	Ab3	3	336
52	0.25	15	14		0	0	4/4	1	1	1/16	1/16	1		0	72	C5	5	320
209/4	0.25	15	14		1/16	1/16	4/4	1	1	1/16	1/16	1		5	71	B4	4	321
105/2	0.25	15	14		1/8	1/8	4/4	1	1	1/16	1/16	1		0	72	C5	5	322
211/4	0.25	15	14		3/16	3/16	4/4	2	1	1/16	1/16	1		1	55	G3	3	337
211/4	0.25	15	14		3/16	3/16	4/4	1	1	1/16	1/16	1		2	74	D5	5	323
53	0.25	15	14		1/4	1/4	4/4	2	1	1/16	1/16	1		-1	53	F3	3	338
53	0.25	15	14		1/4	1/4	4/4	1	1	1/16	1/16	1		-3	75	Eb5	5	324
213/4	0.25	15	14		5/16	5/16	4/4	2	1	1/16	1/16	1		-3	51	Eb3	3	339
213/4	0.25	15	14		5/16	5/16	4/4	1	1	1/16	1/16	1		-1	77	F5	5	325
107/2	0.25	15	14		3/8	3/8	4/4	2	1	1/16	1/16	1		2	50	D3	3	340
107/2	0.25	15	14		3/8	3/8	4/4	1	1	1/16	1/16	1		1	79	G5	5	326
215/4	0.25	15	14		7/16	7/16	4/4	2	1	1/16	1/16	1		0	48	C3	3	341
215/4	0.25	15	14		7/16	7/16	4/4	1	1	1/16	1/16	1		-4	80	Ab5	5	327
54	0.25	15	14		1/2	1/2	4/4	2	1	1/16	1/16	1		5	47	B2	2	342
54	0.25	15	14		1/2	1/2	4/4	1	1	1/16	1/16	1		1	79	G5	5	328
217/4	0.25	15	14		9/16	9/16	4/4	2	1	1/16	1/16	1		3	45	A2	2	343
217/4	0.25	15	14		9/16	9/16	4/4	1	1	1/16	1/16	1		-1	77	F5	5	329
109/2	0.25	15	14		5/8	5/8	4/4	2	1	1/16	1/16	1		5	47	B2	2	344
109/2	0.25	15	14		5/8	5/8	4/4	1	1	1/16	1/16	1		-3	75	Eb5	5	330
219/4	0.25	15	14		11/16	11/16	4/4	2	1	1/16	1/16	1		0	48	C3	3	345
219/4	0.25	15	14		11/16	11/16	4/4	1	1	1/16	1/16	1		2	74	D5	5	331
55	0.25	15	14		3/4	3/4	4/4	2	1	1/16	1/16	1		2	50	D3	3	346
55	0.25	15	14		3/4	3/4	4/4	1	1	1/16	1/16	1		0	72	C5	5	332
221/4	0.25	15	14		13/16	13/16	4/4	2	1	1/16	1/16	1		-3	51	Eb3	3	347
221/4	0.25	15	14		13/16	13/16	4/4	1	1	1/16	1/16	1		5	71	B4	4	333
111/2	0.25	15	14		7/8	7/8	4/4	2	1	1/16	1/16	1		-1	53	F3	3	348
111/2	0.25	15	14		7/8	7/8	4/4	1	1	1/16	1/16	1		3	69	A4	4	334
223/4	0.25	15	14		15/16	15/16	4/4	2	1	1/16	1/16	1		2	50	D3	3	349
223/4	0.25	15	14		15/16	15/16	4/4	1	1	1/16	1/16	1		1	67	G4	4	335
56	0.25	16	15		0	0	4/4	2	1	1/16	1/16	1		4	52	E3	3	364
56	0.25	16	15		0	0	4/4	1	1	1/16	1/16	1		-2	70	Bb4	4	350
225/4	0.25	16	15		1/16	1/16	4/4	2	1	1/16	1/16	1		1	55	G3	3	365
225/4	0.25	16	15		1/16	1/16	4/4	1	1	1/16	1/16	1		1	67	G4	4	351
113/2	0.25	16	15		1/8	1/8	4/4	2	1	1/16	1/16	1		-1	53	F3	3	366
113/2	0.5	16	15		1/8	1/8	4/4	1	1	1/8	1/8	1	1	3	69	A4	4	352
227/4	0.25	16	15		3/16	3/16	4/4	2	1	1/16	1/16	1		-3	51	Eb3	3	367
57	0.25	16	15		1/4	1/4	4/4	2	1	1/16	1/16	1		2	50	D3	3	368
57	0.25	16	15		1/4	1/4	4/4	1	1	1/16	1/16	1	-1	3	69	A4	4	353
229/4	0.25	16	15		5/16	5/16	4/4	2	1	1/16	1/16	1		0	48	C3	3	369
229/4	0.25	16	15		5/16	5/16	4/4	1	1	1/16	1/16	1		0	72	C5	5	354
115/2	0.25	16	15		3/8	3/8	4/4	2	1	1/16	1/16	1		5	47	B2	2	370
115/2	0.25	16	15		3/8	3/8	4/4	1	1	1/16	1/16	1		2	74	D5	5	355
231/4	0.25	16	15		7/16	7/16	4/4	2	1	1/16	1/16	1		3	45	A2	2	371
231/4	0.25	16	15		7/16	7/16	4/4	1	1	1/16	1/16	1		-3	75	Eb5	5	356
58	0.25	16	15		1/2	1/2	4/4	2	1	1/16	1/16	1		5	47	B2	2	372
58	0.25	16	15		1/2	1/2	4/4	1	1	1/16	1/16	1		-1	77	F5	5	357
233/4	0.25	16	15		9/16	9/16	4/4	2	1	1/16	1/16	1		2	50	D3	3	373
233/4	0.25	16	15		9/16	9/16	4/4	1	1	1/16	1/16	1		2	74	D5	5	358
117/2	0.25	16	15		5/8	5/8	4/4	2	1	1/16	1/16	1		0	48	C3	3	374
117/2	0.5	16	15		5/8	5/8	4/4	1	1	1/8	1/8	1	1	-3	75	Eb5	5	359
235/4	0.25	16	15		11/16	11/16	4/4	2	1	1/16	1/16	1		-2	46	Bb2	2	375
59	0.25	16	15		3/4	3/4	4/4	2	1	1/16	1/16	1		-4	44	Ab2	2	376
59	0.25	16	15		3/4	3/4	4/4	1	1	1/16	1/16	1	-1	-3	75	Eb5	5	360
237/4	0.25	16	15		13/16	13/16	4/4	2	1	1/16	1/16	1		1	43	G2	2	377
237/4	0.25	16	15		13/16	13/16	4/4	1	1	1/16	1/16	1		-3	75	Eb5	5	361
119/2	0.25	16	15		7/8	7/8	4/4	2	1	1/16	1/16	1		-1	41	F2	2	378
119/2	0.25	16	15		7/8	7/8	4/4	1	1	1/16	1/16	1		-1	77	F5	5	362
239/4	0.25	16	15		15/16	15/16	4/4	2	1	1/16	1/16	1		-3	39	Eb2	2	379
239/4	0.25	16	15		15/16	15/16	4/4	1	1	1/16	1/16	1		1	79	G5	5	363
60	0.25	17	16		0	0	4/4	2	1	1/16	1/16	1		-1	41	F2	2	388
60	0.25	17	16		0	0	4/4	1	1	1/16	1/16	1		-4	80	Ab5	5	380
241/4	0.25	17	16		1/16	1/16	4/4	2	1	1/16	1/16	1		2	38	D2	2	389
241/4	0.25	17	16		1/16	1/16	4/4	1	1	1/16	1/16	1		-1	77	F5	5	381
121/2	0.25	17	16		1/8	1/8	4/4	2	1	1/16	1/16	1		-3	39	Eb2	2	390
121/2	0.25	17	16		1/8	1/8	4/4	1	1	1/16	1/16	1		1	79	G5	5	382
243/4	0.25	17	16		3/16	3/16	4/4	2	1	1/16	1/16	1		0	36	C2	2	391
243/4	0.25	17	16		3/16	3/16	4/4	1	1	1/16	1/16	1		0	84	C6	6	383
61	0.5	17	16		1/4	1/4	4/4	2	1	1/8	1/8	1		1	43	G2	2	392
61	0.5	17	16		1/4	1/4	4/4	1	1	1/8	1/8	1		-3	75	Eb5	5	384
123/2	0.5	17	16		3/8	3/8	4/4	2	1	1/8	1/8	1		1	43	G2	2	393
123/2	0.25	17	16		3/8	3/8	4/4	1	1	1/16	1/16	1		2	74	D5	5	385
247/4	0.25	17	16		7/16	7/16	4/4	1	1	1/16	1/16	1		0	72	C5	5	386
62	2.0	17	16		1/2	1/2	4/4	2	1	1/2	1/2	1		0	36	C2	2	394
62	2.0	17	16		1/2	1/2	4/4	1	1	1/2	1/2	1		0	72	C5	5	387
