mc	mn	mc_onset	mn_onset	timesig	staff	voice	duration	nominal_duration	scalar	tied	tpc	midi	volta	chord_id
1	0	0	3/4	2/2	1	1	1/8	1/8	1		8	68		0
1	0	1/8	7/8	2/2	1	1	1/8	1/8	1		3	69		1
2	1	0	0	2/2	1	1	1/4	1/4	1		5	71		2
2	1	1/4	1/4	2/2	2	1	1/8	1/8	1		4	52		7
2	1	1/4	1/4	2/2	1	1	1/8	1/8	1		8	68		3
2	1	3/8	3/8	2/2	2	1	1/8	1/8	1		6	54		8
2	1	3/8	3/8	2/2	1	1	1/8	1/8	1		5	71		4
2	1	1/2	1/2	2/2	2	1	1/8	1/8	1		8	56		9
2	1	1/2	1/2	2/2	1	1	1/4	1/4	1		4	76		5
2	1	5/8	5/8	2/2	2	1	1/8	1/8	1		6	54		10
2	1	3/4	3/4	2/2	2	1	1/8	1/8	1		8	56		11
2	1	3/4	3/4	2/2	1	1	1/4	1/4	1		5	71		6
2	1	7/8	7/8	2/2	2	1	1/8	1/8	1		4	52		12
3	2	0	0	2/2	2	1	1/8	1/8	1		3	57		17
3	2	0	0	2/2	1	1	1/4	1/4	1		6	78		13
3	2	1/8	1/8	2/2	2	1	1/8	1/8	1		8	56		18
3	2	1/4	1/4	2/2	2	1	1/8	1/8	1		3	57		19
3	2	1/4	1/4	2/2	1	1	1/4	1/4	1		5	71		14
3	2	3/8	3/8	2/2	2	1	1/8	1/8	1		4	52		20
3	2	1/2	1/2	2/2	2	1	1/8	1/8	1		5	59		21
3	2	1/2	1/2	2/2	1	1	1/4	1/4	1		8	80		15
3	2	5/8	5/8	2/2	2	1	1/8	1/8	1		3	57		22
3	2	3/4	3/4	2/2	2	1	1/8	1/8	1		5	59		23
3	2	3/4	3/4	2/2	1	1	1/4	1/4	1		5	71		16
3	2	7/8	7/8	2/2	2	1	1/8	1/8	1		4	52		24
4	3	0	0	2/2	2	1	1/8	1/8	1		7	61		32
4	3	0	0	2/2	1	1	1/4	1/4	1		3	81		25
4	3	1/8	1/8	2/2	2	1	1/8	1/8	1		5	59		33
4	3	1/4	1/4	2/2	2	1	1/8	1/8	1		7	61		34
4	3	1/4	1/4	2/2	1	1	1/8	1/8	1		8	80		26
4	3	3/8	3/8	2/2	2	1	1/8	1/8	1		4	52		35
4	3	3/8	3/8	2/2	1	1	1/8	1/8	1		3	81		27
4	3	1/2	1/2	2/2	2	1	1/8	1/8	1		9	63		36
4	3	1/2	1/2	2/2	1	1	1/8	1/8	1		5	83		28
4	3	5/8	5/8	2/2	2	1	1/8	1/8	1		7	61		37
4	3	5/8	5/8	2/2	1	1	1/8	1/8	1		3	81		29
4	3	3/4	3/4	2/2	2	1	1/8	1/8	1		9	63		38
4	3	3/4	3/4	2/2	1	1	1/8	1/8	1		8	80		30
4	3	7/8	7/8	2/2	2	1	1/8	1/8	1		4	52		39
4	3	7/8	7/8	2/2	1	1	1/8	1/8	1		6	78		31
5	4	0	0	2/2	2	1	1/4	1/4	1		4	64		48
5	4	0	0	2/2	1	1	1/8	1/8	1		3	81		40
5	4	1/8	1/8	2/2	1	1	1/8	1/8	1		8	80		41
5	4	1/4	1/4	2/2	2	1	1/4	1/4	1		5	59		49
5	4	1/4	1/4	2/2	1	1	1/8	1/8	1		6	78		42
5	4	3/8	3/8	2/2	1	1	1/8	1/8	1		8	80		43
5	4	1/2	1/2	2/2	2	1	1/4	1/4	1		8	56		50
5	4	1/2	1/2	2/2	1	1	1/8	1/8	1		4	76		44
5	4	5/8	5/8	2/2	1	1	1/8	1/8	1		8	80		45
5	4	3/4	3/4	2/2	2	1	1/4	1/4	1		12	60		51
5	4	3/4	3/4	2/2	1	1	1/8	1/8	1		6	78		46
5	4	7/8	7/8	2/2	1	1	1/8	1/8	1		8	80		47
6	5	0	0	2/2	2	1	1/4	1/4	1		7	61		60
6	5	0	0	2/2	1	1	1/8	1/8	1		4	76		52
6	5	1/8	1/8	2/2	1	1	1/8	1/8	1		8	80		53
6	5	1/4	1/4	2/2	2	1	1/4	1/4	1		8	56		61
6	5	1/4	1/4	2/2	1	1	1/8	1/8	1		9	75		54
6	5	3/8	3/8	2/2	1	1	1/8	1/8	1		8	80		55
6	5	1/2	1/2	2/2	2	1	1/4	1/4	1		9	63		62
6	5	1/2	1/2	2/2	1	1	1/8	1/8	1		7	73		56
6	5	5/8	5/8	2/2	1	1	1/8	1/8	1		8	80		57
6	5	3/4	3/4	2/2	2	1	1/4	1/4	1		8	56		63
6	5	3/4	3/4	2/2	1	1	1/8	1/8	1		12	72		58
6	5	7/8	7/8	2/2	1	1	1/8	1/8	1		8	80		59
7	6	0	0	2/2	2	1	1/8	1/8	1		4	64		72
7	6	0	0	2/2	1	1	1/8	1/8	1		7	73		64
7	6	1/8	1/8	2/2	2	1	1/8	1/8	1		9	63		73
7	6	1/8	1/8	2/2	1	1	1/8	1/8	1		9	75		65
7	6	1/4	1/4	2/2	2	1	1/8	1/8	1		7	61		74
7	6	1/4	1/4	2/2	1	1	1/8	1/8	1		4	76		66
7	6	3/8	3/8	2/2	2	1	1/8	1/8	1		9	63		75
7	6	3/8	3/8	2/2	1	1	1/8	1/8	1		6	78		67
7	6	1/2	1/2	2/2	2	1	1/4	1/4	1		4	64		76
7	6	1/2	1/2	2/2	1	1	1/8	1/8	1		8	80		68
7	6	5/8	5/8	2/2	1	1	1/8	1/8	1		6	78		69
7	6	3/4	3/4	2/2	2	1	1/4	1/4	1		10	58		77
7	6	3/4	3/4	2/2	1	1	1/8	1/8	1		4	76		70
7	6	7/8	7/8	2/2	1	1	1/8	1/8	1		6	78		71
8	7	0	0	2/2	2	1	1/4	1/4	1		5	59		86
8	7	0	0	2/2	1	1	1/8	1/8	1		9	75		78
8	7	1/8	1/8	2/2	1	1	1/8	1/8	1		6	78		79
8	7	1/4	1/4	2/2	2	1	1/4	1/4	1		6	54		87
8	7	1/4	1/4	2/2	1	1	1/8	1/8	1		7	73		80
8	7	3/8	3/8	2/2	1	1	1/8	1/8	1		6	78		81
8	7	1/2	1/2	2/2	2	1	1/4	1/4	1		7	61		88
8	7	1/2	1/2	2/2	1	1	1/8	1/8	1		5	71		82
8	7	5/8	5/8	2/2	1	1	1/8	1/8	1		6	78		83
8	7	3/4	3/4	2/2	2	1	1/4	1/4	1		6	54		89
8	7	3/4	3/4	2/2	1	1	1/8	1/8	1		10	70		84
8	7	7/8	7/8	2/2	1	1	1/8	1/8	1		6	78		85
9	8	0	0	2/2	2	1	1/8	1/8	1		9	63		98
9	8	0	0	2/2	1	1	1/8	1/8	1		5	71		90
9	8	1/8	1/8	2/2	2	1	1/8	1/8	1		7	61		99
9	8	1/8	1/8	2/2	1	1	1/8	1/8	1		7	73		91
9	8	1/4	1/4	2/2	2	1	1/8	1/8	1		5	59		100
9	8	1/4	1/4	2/2	1	1	1/8	1/8	1		9	75		92
9	8	3/8	3/8	2/2	2	1	1/8	1/8	1		7	61		101
9	8	3/8	3/8	2/2	1	1	1/8	1/8	1		4	76		93
9	8	1/2	1/2	2/2	2	1	1/4	1/4	1		9	63		102
9	8	1/2	1/2	2/2	1	1	1/8	1/8	1		6	78		94
9	8	5/8	5/8	2/2	1	1	1/8	1/8	1		8	80		95
9	8	3/4	3/4	2/2	2	1	1/4	1/4	1		8	56		103
9	8	3/4	3/4	2/2	1	1	1/8	1/8	1		10	82		96
9	8	7/8	7/8	2/2	1	1	1/8	1/8	1		5	83		97
10	9	0	0	2/2	2	1	1/8	1/8	1		7	61		112
10	9	0	0	2/2	1	1	1/8	1/8	1		4	76		104
10	9	1/8	1/8	2/2	2	1	1/8	1/8	1		5	59		113
10	9	1/8	1/8	2/2	1	1	1/8	1/8	1		6	78		105
10	9	1/4	1/4	2/2	2	1	1/8	1/8	1		7	61		114
10	9	1/4	1/4	2/2	1	1	1/8	1/8	1		9	75		106
10	9	3/8	3/8	2/2	2	1	1/8	1/8	1		5	59		115
10	9	3/8	3/8	2/2	1	1	1/8	1/8	1		4	76		107
10	9	1/2	1/2	2/2	2	1	1/8	1/8	1		10	58		116
10	9	1/2	1/2	2/2	1	1	1/8	1/8	1		6	78		108
10	9	5/8	5/8	2/2	2	1	1/8	1/8	1		5	59		117
10	9	5/8	5/8	2/2	1	1	1/8	1/8	1		4	76		109
10	9	3/4	3/4	2/2	2	1	1/8	1/8	1		8	56		118
10	9	3/4	3/4	2/2	1	1	1/8	1/8	1		6	78		110
10	9	7/8	7/8	2/2	2	1	1/8	1/8	1		10	58		119
10	9	7/8	7/8	2/2	1	1	1/8	1/8	1		4	76		111
11	10	0	0	2/2	2	1	1/8	1/8	1		5	59		128
11	10	0	0	2/2	1	1	1/8	1/8	1		9	75		120
11	10	1/8	1/8	2/2	2	1	1/8	1/8	1		10	58		129
11	10	1/8	1/8	2/2	1	1	1/8	1/8	1		4	76		121
11	10	1/4	1/4	2/2	2	1	1/8	1/8	1		5	59		130
11	10	1/4	1/4	2/2	1	1	1/8	1/8	1		7	73		122
11	10	3/8	3/8	2/2	2	1	1/8	1/8	1		10	58		131
11	10	3/8	3/8	2/2	1	1	1/8	1/8	1		9	75		123
11	10	1/2	1/2	2/2	2	1	1/8	1/8	1		8	56		132
11	10	1/2	1/2	2/2	1	1	1/8	1/8	1		4	76		124
11	10	5/8	5/8	2/2	2	1	1/8	1/8	1		6	54		133
11	10	5/8	5/8	2/2	1	1	1/8	1/8	1		9	75		125
11	10	3/4	3/4	2/2	2	1	1/8	1/8	1		8	56		134
11	10	3/4	3/4	2/2	1	1	1/8	1/8	1		4	76		126
11	10	7/8	7/8	2/2	2	1	1/8	1/8	1		6	54		135
11	10	7/8	7/8	2/2	1	1	1/8	1/8	1		9	75		127
12	11	0	0	2/2	2	1	1/8	1/8	1		4	52		144
12	11	0	0	2/2	1	1	1/8	1/8	1		7	73		136
12	11	1/8	1/8	2/2	2	1	1/8	1/8	1		9	51		145
12	11	1/8	1/8	2/2	1	1	1/8	1/8	1		9	75		137
12	11	1/4	1/4	2/2	2	1	1/8	1/8	1		4	52		146
12	11	1/4	1/4	2/2	1	1	1/8	1/8	1		5	71		138
12	11	3/8	3/8	2/2	2	1	1/8	1/8	1		7	49		147
12	11	3/8	3/8	2/2	1	1	1/8	1/8	1		7	73		139
12	11	1/2	1/2	2/2	2	1	1/4	1/4	1		6	54		148
12	11	1/2	1/2	2/2	1	1	1/8	1/8	1		9	75		140
12	11	5/8	5/8	2/2	1	1	1/8	1/8	1		7	73		141
12	11	3/4	3/4	2/2	2	1	1/4	1/4	1		6	42		149
12	11	3/4	3/4	2/2	1	1	1/8	1/8	1		9	75		142
12	11	7/8	7/8	2/2	1	1	1/8	1/8	1		7	73		143
13	12	0	0	2/2	2	1	3/4	1/2	3/2		5	47		151
13	12	0	0	2/2	1	1	3/4	1/2	3/2		5	71		150
14	12	0	3/4	2/2	2	1	1/8	1/8	1		9	51		153
14	12	0	3/4	2/2	1	1	1/4	1/4	1		5	83		152
14	12	1/8	7/8	2/2	2	1	1/8	1/8	1		4	52		154
15	13	0	0	2/2	2	1	1/4	1/4	1		6	54		163
15	13	0	0	2/2	1	1	1/8	1/8	1		9	75		155
15	13	1/8	1/8	2/2	1	1	1/8	1/8	1		7	73		156
15	13	1/4	1/4	2/2	2	1	1/8	1/8	1		9	51		164
15	13	1/4	1/4	2/2	1	1	1/8	1/8	1		5	71		157
15	13	3/8	3/8	2/2	2	1	1/8	1/8	1		6	54		165
15	13	3/8	3/8	2/2	1	1	1/8	1/8	1		7	73		158
15	13	1/2	1/2	2/2	2	1	1/4	1/4	1		5	59		166
15	13	1/2	1/2	2/2	1	1	1/8	1/8	1		9	75		159
15	13	5/8	5/8	2/2	1	1	1/8	1/8	1		7	73		160
15	13	3/4	3/4	2/2	2	1	1/4	1/4	1		6	54		167
15	13	3/4	3/4	2/2	1	1	1/8	1/8	1		9	75		161
15	13	7/8	7/8	2/2	1	1	1/8	1/8	1		5	71		162
16	14	0	0	2/2	2	1	1/4	1/4	1		7	61		176
16	14	0	0	2/2	1	1	1/8	1/8	1		4	76		168
16	14	1/8	1/8	2/2	1	1	1/8	1/8	1		9	75		169
16	14	1/4	1/4	2/2	2	1	1/4	1/4	1		6	54		177
16	14	1/4	1/4	2/2	1	1	1/8	1/8	1		4	76		170
16	14	3/8	3/8	2/2	1	1	1/8	1/8	1		5	71		171
16	14	1/2	1/2	2/2	2	1	1/4	1/4	1		9	63		178
16	14	1/2	1/2	2/2	1	1	1/8	1/8	1		6	78		172
16	14	5/8	5/8	2/2	1	1	1/8	1/8	1		4	76		173
16	14	3/4	3/4	2/2	2	1	1/4	1/4	1		6	54		179
16	14	3/4	3/4	2/2	1	1	1/8	1/8	1		6	78		174
16	14	7/8	7/8	2/2	1	1	1/8	1/8	1		5	71		175
17	15	0	0	2/2	2	1	1/4	1/4	1		4	64		188
17	15	0	0	2/2	1	1	1/8	1/8	1		8	80		180
17	15	1/8	1/8	2/2	1	1	1/8	1/8	1		6	78		181
17	15	1/4	1/4	2/2	2	1	1/8	1/8	1		9	63		189
17	15	1/4	1/4	2/2	1	1	1/8	1/8	1		8	80		182
17	15	3/8	3/8	2/2	2	1	1/8	1/8	1		4	64		190
17	15	3/8	3/8	2/2	1	1	1/8	1/8	1		5	71		183
17	15	1/2	1/2	2/2	2	1	1/8	1/8	1		6	66		191
17	15	1/2	1/2	2/2	1	1	1/8	1/8	1		10	82		184
17	15	5/8	5/8	2/2	2	1	1/8	1/8	1		4	64		192
17	15	5/8	5/8	2/2	1	1	1/8	1/8	1		8	80		185
17	15	3/4	3/4	2/2	2	1	1/8	1/8	1		9	63		193
17	15	3/4	3/4	2/2	1	1	1/8	1/8	1		10	82		186
17	15	7/8	7/8	2/2	2	1	1/8	1/8	1		7	61		194
17	15	7/8	7/8	2/2	1	1	1/8	1/8	1		5	71		187
18	16	0	0	2/2	2	1	1/8	1/8	1		4	64		202
18	16	0	0	2/2	1	1	1/8	1/8	1		5	83		195
18	16	1/8	1/8	2/2	2	1	1/8	1/8	1		9	63		203
18	16	1/8	1/8	2/2	1	1	1/8	1/8	1		6	78		196
18	16	1/4	1/4	2/2	2	1	1/8	1/8	1		7	61		204
18	16	1/4	1/4	2/2	1	1	1/8	1/8	1		4	76		197
18	16	3/8	3/8	2/2	2	1	1/8	1/8	1		9	63		205
18	16	3/8	3/8	2/2	1	1	1/8	1/8	1		6	78		198
18	16	1/2	1/2	2/2	2	1	1/8	1/8	1		5	59		206
18	16	1/2	1/2	2/2	1	1	1/4	1/4	1		9	75		199
18	16	5/8	5/8	2/2	2	1	1/8	1/8	1		8	68		207
18	16	3/4	3/4	2/2	2	1	1/8	1/8	1		6	66		208
18	16	3/4	3/4	2/2	1	1	1/8	1/8	1		8	80		200
18	16	7/8	7/8	2/2	2	1	1/8	1/8	1		8	68		209
18	16	7/8	7/8	2/2	1	1	1/8	1/8	1		12	72		201
19	17	0	0	2/2	2	1	1/8	1/8	1		4	64		214
19	17	0	0	2/2	1	1	1/4	1/4	1		7	73		210
19	17	1/8	1/8	2/2	2	1	1/8	1/8	1		8	68		215
19	17	1/4	1/4	2/2	2	1	1/8	1/8	1		9	63		216
19	17	1/4	1/4	2/2	1	1	1/4	1/4	1		8	80		211
19	17	3/8	3/8	2/2	2	1	1/8	1/8	1		8	68		217
19	17	1/2	1/2	2/2	2	1	1/8	1/8	1		7	61		218
19	17	1/2	1/2	2/2	1	1	1/4	1/4	1		9	75		212
19	17	5/8	5/8	2/2	2	1	1/8	1/8	1		8	68		219
19	17	3/4	3/4	2/2	2	1	1/8	1/8	1		12	60		220
19	17	3/4	3/4	2/2	1	1	1/4	1/4	1		8	80		213
19	17	7/8	7/8	2/2	2	1	1/8	1/8	1		8	68		221
20	18	0	0	2/2	2	1	1/4	1/4	1		7	61		230
20	18	0	0	2/2	1	1	1/8	1/8	1		4	76		222
20	18	1/8	1/8	2/2	1	1	1/8	1/8	1		9	75		223
20	18	1/4	1/4	2/2	2	1	1/8	1/8	1		8	68		231
20	18	1/4	1/4	2/2	1	1	1/8	1/8	1		4	76		224
20	18	3/8	3/8	2/2	2	1	1/8	1/8	1		6	66		232
20	18	3/8	3/8	2/2	1	1	1/8	1/8	1		6	78		225
20	18	1/2	1/2	2/2	2	1	1/8	1/8	1		4	64		233
20	18	1/2	1/2	2/2	1	1	1/8	1/8	1		8	80		226
20	18	5/8	5/8	2/2	2	1	1/8	1/8	1		6	66		234
20	18	5/8	5/8	2/2	1	1	1/8	1/8	1		3	81		227
20	18	3/4	3/4	2/2	2	1	1/8	1/8	1		4	64		235
20	18	3/4	3/4	2/2	1	1	1/8	1/8	1		8	80		228
20	18	7/8	7/8	2/2	2	1	1/8	1/8	1		9	63		236
20	18	7/8	7/8	2/2	1	1	1/8	1/8	1		6	78		229
21	19	0	0	2/2	2	1	1/4	1/4	1		7	61		245
21	19	0	0	2/2	1	1	1/8	1/8	1		4	76		237
21	19	1/8	1/8	2/2	1	1	1/8	1/8	1		8	80		238
21	19	1/4	1/4	2/2	2	1	1/4	1/4	1		8	56		246
21	19	1/4	1/4	2/2	1	1	1/8	1/8	1		9	75		239
21	19	3/8	3/8	2/2	1	1	1/8	1/8	1		8	80		240
21	19	1/2	1/2	2/2	2	1	1/4	1/4	1		9	63		247
21	19	1/2	1/2	2/2	1	1	1/8	1/8	1		7	73		241
21	19	5/8	5/8	2/2	1	1	1/8	1/8	1		8	80		242
21	19	3/4	3/4	2/2	2	1	1/4	1/4	1		8	56		248
21	19	3/4	3/4	2/2	1	1	1/8	1/8	1		12	72		243
21	19	7/8	7/8	2/2	1	1	1/8	1/8	1		8	80		244
22	20	0	0	2/2	2	1	1/8	1/8	1		4	64		257
22	20	0	0	2/2	1	1	1/8	1/8	1		7	73		249
22	20	1/8	1/8	2/2	2	1	1/8	1/8	1		6	66		258
22	20	1/8	1/8	2/2	1	1	1/8	1/8	1		12	72		250
22	20	1/4	1/4	2/2	2	1	1/8	1/8	1		4	64		259
22	20	1/4	1/4	2/2	1	1	1/8	1/8	1		7	73		251
22	20	3/8	3/8	2/2	2	1	1/8	1/8	1		9	63		260
22	20	3/8	3/8	2/2	1	1	1/8	1/8	1		9	75		252
22	20	1/2	1/2	2/2	2	1	1/8	1/8	1		7	61		261
22	20	1/2	1/2	2/2	1	1	1/8	1/8	1		4	76		253
22	20	5/8	5/8	2/2	2	1	1/8	1/8	1		9	63		262
22	20	5/8	5/8	2/2	1	1	1/8	1/8	1		6	78		254
22	20	3/4	3/4	2/2	2	1	1/8	1/8	1		4	64		263
22	20	3/4	3/4	2/2	1	1	1/8	1/8	1		8	80		255
22	20	7/8	7/8	2/2	2	1	1/8	1/8	1		6	66		264
22	20	7/8	7/8	2/2	1	1	1/8	1/8	1		3	81		256
23	21	0	0	2/2	2	1	1/8	1/8	1		8	68		273
23	21	0	0	2/2	1	1	1/8	1/8	1		5	83		265
23	21	1/8	1/8	2/2	2	1	1/8	1/8	1		6	66		274
23	21	1/8	1/8	2/2	1	1	1/8	1/8	1		3	81		266
23	21	1/4	1/4	2/2	2	1	1/8	1/8	1		8	68		275
23	21	1/4	1/4	2/2	1	1	1/8	1/8	1		5	83		267
23	21	3/8	3/8	2/2	2	1	1/8	1/8	1		6	66		276
23	21	3/8	3/8	2/2	1	1	1/8	1/8	1		3	81		268
23	21	1/2	1/2	2/2	2	1	1/8	1/8	1		11	65		277
23	21	1/2	1/2	2/2	1	1	1/8	1/8	1		8	80		269
23	21	5/8	5/8	2/2	2	1	1/8	1/8	1		9	63		278
23	21	5/8	5/8	2/2	1	1	1/8	1/8	1		3	81		270
23	21	3/4	3/4	2/2	2	1	1/8	1/8	1		11	65		279
23	21	3/4	3/4	2/2	1	1	1/8	1/8	1		6	78		271
23	21	7/8	7/8	2/2	2	1	1/8	1/8	1		9	63		280
23	21	7/8	7/8	2/2	1	1	1/8	1/8	1		8	80		272
24	22	0	0	2/2	2	1	1/8	1/8	1		7	61		289
24	22	0	0	2/2	1	1	1/8	1/8	1		3	81		281
24	22	1/8	1/8	2/2	2	1	1/8	1/8	1		5	59		290
24	22	1/8	1/8	2/2	1	1	1/8	1/8	1		8	80		282
24	22	1/4	1/4	2/2	2	1	1/8	1/8	1		7	61		291
24	22	1/4	1/4	2/2	1	1	1/8	1/8	1		3	81		283
24	22	3/8	3/8	2/2	2	1	1/8	1/8	1		5	59		292
24	22	3/8	3/8	2/2	1	1	1/8	1/8	1		8	80		284
24	22	1/2	1/2	2/2	2	1	1/8	1/8	1		3	57		293
24	22	1/2	1/2	2/2	1	1	1/8	1/8	1		6	78		285
24	22	5/8	5/8	2/2	2	1	1/8	1/8	1		5	59		294
24	22	5/8	5/8	2/2	1	1	1/8	1/8	1		8	80		286
24	22	3/4	3/4	2/2	2	1	1/8	1/8	1		8	56		295
24	22	3/4	3/4	2/2	1	1	1/8	1/8	1		11	77		287
24	22	7/8	7/8	2/2	2	1	1/8	1/8	1		3	57		296
24	22	7/8	7/8	2/2	1	1	1/8	1/8	1		6	78		288
25	23	0	0	2/2	2	1	1/8	1/8	1		5	59		305
25	23	0	0	2/2	1	1	1/8	1/8	1		8	80		297
25	23	1/8	1/8	2/2	2	1	1/8	1/8	1		7	61		306
25	23	1/8	1/8	2/2	1	1	1/8	1/8	1		6	78		298
25	23	1/4	1/4	2/2	2	1	1/8	1/8	1		3	57		307
25	23	1/4	1/4	2/2	1	1	1/8	1/8	1		8	80		299
25	23	3/8	3/8	2/2	2	1	1/8	1/8	1		5	59		308
25	23	3/8	3/8	2/2	1	1	1/8	1/8	1		6	78		300
25	23	1/2	1/2	2/2	2	1	1/4	1/4	1		7	61		309
25	23	1/2	1/2	2/2	1	1	1/8	1/8	1		11	77		301
25	23	5/8	5/8	2/2	1	1	1/8	1/8	1		6	78		302
25	23	3/4	3/4	2/2	2	1	1/4	1/4	1		7	49		310
25	23	3/4	3/4	2/2	1	1	1/8	1/8	1		9	75		303
25	23	7/8	7/8	2/2	1	1	1/8	1/8	1		11	77		304
26	24	0	0	2/2	2	1	1/4	1/4	1		6	54		314
26	24	0	0	2/2	1	1	3/4	1/2	3/2		6	78		311
26	24	1/4	1/4	2/2	2	1	1/8	1/8	1		4	52		315
26	24	3/8	3/8	2/2	2	1	1/8	1/8	1		2	50		316
26	24	1/2	1/2	2/2	2	1	1/8	1/8	1		7	49		317
26	24	5/8	5/8	2/2	2	1	1/8	1/8	1		5	47		318
26	24	3/4	3/4	2/2	2	1	1/8	1/8	1		3	45		319
26	24	3/4	3/4	2/2	1	1	1/8	1/8	1		6	66		312
26	24	7/8	7/8	2/2	2	1	1/8	1/8	1		8	44		320
26	24	7/8	7/8	2/2	1	1	1/8	1/8	1		8	68		313
27	25	0	0	2/2	2	1	1/4	1/4	1		6	42		326
27	25	0	0	2/2	1	1	1/4	1/4	1		3	69		321
27	25	1/4	1/4	2/2	1	1	1/8	1/8	1		6	66		322
27	25	3/8	3/8	2/2	1	1	1/8	1/8	1		3	69		323
27	25	1/2	1/2	2/2	1	1	1/4	1/4	1		7	73		324
27	25	3/4	3/4	2/2	2	1	1/8	1/8	1		7	61		327
27	25	3/4	3/4	2/2	1	1	1/4	1/4	1		3	69		325
27	25	7/8	7/8	2/2	2	1	1/8	1/8	1		5	59		328
28	26	0	0	2/2	2	1	1/4	1/4	1		3	57		333
28	26	0	0	2/2	1	1	1/4	1/4	1		6	78		329
28	26	1/4	1/4	2/2	2	1	1/8	1/8	1		7	61		334
28	26	1/4	1/4	2/2	1	1	1/4	1/4	1		7	73		330
28	26	3/8	3/8	2/2	2	1	1/8	1/8	1		3	57		335
28	26	1/2	1/2	2/2	2	1	1/4	1/4	1		6	54		336
28	26	1/2	1/2	2/2	1	1	1/4	1/4	1		3	81		331
28	26	3/4	3/4	2/2	2	1	1/8	1/8	1		3	57		337
28	26	3/4	3/4	2/2	1	1	1/4	1/4	1		6	78		332
28	26	7/8	7/8	2/2	2	1	1/8	1/8	1		6	54		338
29	27	0	0	2/2	2	1	1/8	1/8	1		5	59		345
29	27	0	0	2/2	1	1	1/4	1/4	1		9	75		339
29	27	1/8	1/8	2/2	2	1	1/8	1/8	1		3	57		346
29	27	1/4	1/4	2/2	2	1	1/8	1/8	1		8	56		347
29	27	1/4	1/4	2/2	1	1	1/8	1/8	1		5	71		340
29	27	3/8	3/8	2/2	2	1	1/8	1/8	1		5	59		348
29	27	3/8	3/8	2/2	1	1	1/8	1/8	1		7	73		341
29	27	1/2	1/2	2/2	2	1	1/8	1/8	1		6	54		349
29	27	1/2	1/2	2/2	1	1	1/4	1/4	1		9	75		342
29	27	5/8	5/8	2/2	2	1	1/8	1/8	1		5	59		350
29	27	3/4	3/4	2/2	2	1	1/8	1/8	1		4	52		351
29	27	3/4	3/4	2/2	1	1	1/8	1/8	1		5	71		343
29	27	7/8	7/8	2/2	2	1	1/8	1/8	1		5	59		352
29	27	7/8	7/8	2/2	1	1	1/8	1/8	1		9	75		344
30	28	0	0	2/2	2	1	1/8	1/8	1		9	51		357
30	28	0	0	2/2	1	1	1/4	1/4	1		6	78		353
30	28	1/8	1/8	2/2	2	1	1/8	1/8	1		5	59		358
30	28	1/4	1/4	2/2	2	1	1/8	1/8	1		7	49		359
30	28	1/4	1/4	2/2	1	1	1/4	1/4	1		9	75		354
30	28	3/8	3/8	2/2	2	1	1/8	1/8	1		5	59		360
30	28	1/2	1/2	2/2	2	1	1/8	1/8	1		9	51		361
30	28	1/2	1/2	2/2	1	1	1/4	1/4	1		5	83		355
30	28	5/8	5/8	2/2	2	1	1/8	1/8	1		5	59		362
30	28	3/4	3/4	2/2	2	1	1/8	1/8	1		5	47		363
30	28	3/4	3/4	2/2	1	1	1/4	1/4	1		6	78		356
30	28	7/8	7/8	2/2	2	1	1/8	1/8	1		5	59		364
31	29	0	0	2/2	2	1	1/4	1/4	1		4	52		373
31	29	0	0	2/2	1	1	1/8	1/8	1		8	80		365
31	29	1/8	1/8	2/2	1	1	1/8	1/8	1		3	81		366
31	29	1/4	1/4	2/2	2	1	1/4	1/4	1		9	63		374
31	29	1/4	1/4	2/2	1	1	1/8	1/8	1		6	78		367
31	29	3/8	3/8	2/2	1	1	1/8	1/8	1		8	80		368
31	29	1/2	1/2	2/2	2	1	1/4	1/4	1		7	61		375
31	29	1/2	1/2	2/2	1	1	1/8	1/8	1		3	81		369
31	29	5/8	5/8	2/2	1	1	1/8	1/8	1		8	80		370
31	29	3/4	3/4	2/2	2	1	1/4	1/4	1		4	52		376
31	29	3/4	3/4	2/2	1	1	1/8	1/8	1		3	81		371
31	29	7/8	7/8	2/2	1	1	1/8	1/8	1		8	80		372
32	30	0	0	2/2	2	1	1/4	1/4	1		9	51		385
32	30	0	0	2/2	1	1	1/8	1/8	1		6	78		377
32	30	1/8	1/8	2/2	1	1	1/8	1/8	1		8	80		378
32	30	1/4	1/4	2/2	2	1	1/4	1/4	1		7	61		386
32	30	1/4	1/4	2/2	1	1	1/8	1/8	1		4	76		379
32	30	3/8	3/8	2/2	1	1	1/8	1/8	1		6	78		380
32	30	1/2	1/2	2/2	2	1	1/4	1/4	1		5	59		387
32	30	1/2	1/2	2/2	1	1	1/8	1/8	1		8	80		381
32	30	5/8	5/8	2/2	1	1	1/8	1/8	1		6	78		382
32	30	3/4	3/4	2/2	2	1	1/4	1/4	1		9	51		388
32	30	3/4	3/4	2/2	1	1	1/8	1/8	1		8	80		383
32	30	7/8	7/8	2/2	1	1	1/8	1/8	1		6	78		384
33	31	0	0	2/2	2	1	1/4	1/4	1		7	49		397
33	31	0	0	2/2	1	1	1/8	1/8	1		4	76		389
33	31	1/8	1/8	2/2	1	1	1/8	1/8	1		6	78		390
33	31	1/4	1/4	2/2	2	1	1/4	1/4	1		5	59		398
33	31	1/4	1/4	2/2	1	1	1/8	1/8	1		9	75		391
33	31	3/8	3/8	2/2	1	1	1/8	1/8	1		4	76		392
33	31	1/2	1/2	2/2	2	1	1/4	1/4	1		10	58		399
33	31	1/2	1/2	2/2	1	1	1/8	1/8	1		6	78		393
33	31	5/8	5/8	2/2	1	1	1/8	1/8	1		4	76		394
33	31	3/4	3/4	2/2	2	1	1/4	1/4	1		6	54		400
33	31	3/4	3/4	2/2	1	1	1/8	1/8	1		6	78		395
33	31	7/8	7/8	2/2	1	1	1/8	1/8	1		4	76		396
34	32	0	0	2/2	2	1	1/4	1/4	1		5	59		409
34	32	0	0	2/2	1	1	1/8	1/8	1		9	75		401
34	32	1/8	1/8	2/2	1	1	1/8	1/8	1		4	76		402
34	32	1/4	1/4	2/2	2	1	1/8	1/8	1		5	47		410
34	32	1/4	1/4	2/2	1	1	1/8	1/8	1		9	75		403
34	32	3/8	3/8	2/2	2	1	1/8	1/8	1		7	49		411
34	32	3/8	3/8	2/2	1	1	1/8	1/8	1		7	73		404
34	32	1/2	1/2	2/2	2	1	1/4	1/4	1		9	51		412
34	32	1/2	1/2	2/2	1	1	1/8	1/8	1		5	71		405
34	32	5/8	5/8	2/2	1	1	1/8	1/8	1		7	73		406
34	32	3/4	3/4	2/2	2	1	1/8	1/8	1		5	47		413
34	32	3/4	3/4	2/2	1	1	1/8	1/8	1		3	69		407
34	32	7/8	7/8	2/2	2	1	1/8	1/8	1		9	51		414
34	32	7/8	7/8	2/2	1	1	1/8	1/8	1		5	71		408
35	33	0	0	2/2	2	1	1/4	1/4	1		4	52		423
35	33	0	0	2/2	1	1	1/8	1/8	1		8	68		415
35	33	1/8	1/8	2/2	1	1	1/8	1/8	1		5	71		416
35	33	1/4	1/4	2/2	2	1	1/4	1/4	1		5	47		424
35	33	1/4	1/4	2/2	1	1	1/8	1/8	1		6	66		417
35	33	3/8	3/8	2/2	1	1	1/8	1/8	1		5	71		418
35	33	1/2	1/2	2/2	2	1	1/4	1/4	1		6	54		425
35	33	1/2	1/2	2/2	1	1	1/8	1/8	1		4	64		419
35	33	5/8	5/8	2/2	1	1	1/8	1/8	1		5	71		420
35	33	3/4	3/4	2/2	2	1	1/4	1/4	1		5	47		426
35	33	3/4	3/4	2/2	1	1	1/8	1/8	1		9	63		421
35	33	7/8	7/8	2/2	1	1	1/8	1/8	1		5	71		422
36	34	0	0	2/2	2	1	1/8	1/8	1		8	56		435
36	34	0	0	2/2	1	1	1/8	1/8	1		4	64		427
36	34	1/8	1/8	2/2	2	1	1/8	1/8	1		6	54		436
36	34	1/8	1/8	2/2	1	1	1/8	1/8	1		6	66		428
36	34	1/4	1/4	2/2	2	1	1/8	1/8	1		4	52		437
36	34	1/4	1/4	2/2	1	1	1/8	1/8	1		8	68		429
36	34	3/8	3/8	2/2	2	1	1/8	1/8	1		6	54		438
36	34	3/8	3/8	2/2	1	1	1/8	1/8	1		3	69		430
36	34	1/2	1/2	2/2	2	1	1/8	1/8	1		8	56		439
36	34	1/2	1/2	2/2	1	1	1/8	1/8	1		5	71		431
36	34	5/8	5/8	2/2	2	1	1/8	1/8	1		3	57		440
36	34	5/8	5/8	2/2	1	1	1/8	1/8	1		7	73		432
36	34	3/4	3/4	2/2	2	1	1/8	1/8	1		5	59		441
36	34	3/4	3/4	2/2	1	1	1/8	1/8	1		9	75		433
36	34	7/8	7/8	2/2	2	1	1/8	1/8	1		7	61		442
36	34	7/8	7/8	2/2	1	1	1/8	1/8	1		4	76		434
37	35	0	0	2/2	2	1	1/8	1/8	1		9	63		447
37	35	0	0	2/2	1	1	1/4	1/4	1		6	78		443
37	35	1/8	1/8	2/2	2	1	1/8	1/8	1		7	61		448
37	35	1/4	1/4	2/2	2	1	1/8	1/8	1		9	63		449
37	35	1/4	1/4	2/2	1	1	1/4	1/4	1		5	71		444
37	35	3/8	3/8	2/2	2	1	1/8	1/8	1		5	59		450
37	35	1/2	1/2	2/2	2	1	1/8	1/8	1		4	64		451
37	35	1/2	1/2	2/2	1	1	1/4	1/4	1		8	80		445
37	35	5/8	5/8	2/2	2	1	1/8	1/8	1		9	63		452
37	35	3/4	3/4	2/2	2	1	1/8	1/8	1		4	64		453
37	35	3/4	3/4	2/2	1	1	1/4	1/4	1		5	71		446
37	35	7/8	7/8	2/2	2	1	1/8	1/8	1		5	59		454
38	36	0	0	2/2	2	1	1/8	1/8	1		6	66		461
38	36	0	0	2/2	1	1	1/8	1/8	1		3	81		455
38	36	1/8	1/8	2/2	2	1	1/8	1/8	1		4	64		462
38	36	1/8	1/8	2/2	1	1	1/8	1/8	1		8	80		456
38	36	1/4	1/4	2/2	2	1	1/8	1/8	1		9	63		463
38	36	1/4	1/4	2/2	1	1	1/8	1/8	1		6	78		457
38	36	3/8	3/8	2/2	2	1	1/8	1/8	1		7	61		464
38	36	3/8	3/8	2/2	1	1	1/8	1/8	1		8	80		458
38	36	1/2	1/2	2/2	2	1	1/8	1/8	1		5	59		465
38	36	1/2	1/2	2/2	1	1	1/4	1/4	1		3	81		459
38	36	5/8	5/8	2/2	2	1	1/8	1/8	1		3	57		466
38	36	3/4	3/4	2/2	2	1	1/8	1/8	1		8	56		467
38	36	3/4	3/4	2/2	1	1	1/4	1/4	1		5	83		460
38	36	7/8	7/8	2/2	2	1	1/8	1/8	1		6	54		468
39	37	0	0	2/2	2	1	1/4	1/4	1		4	52		476
39	37	0	0	2/2	1	1	1/4	1/4	1		8	80		469
39	37	1/4	1/4	2/2	2	1	1/4	1/4	1		8	56		477
39	37	1/4	1/4	2/2	1	1	1/8	1/8	1		6	78		470
39	37	3/8	3/8	2/2	1	1	1/8	1/8	1		4	76		471
39	37	1/2	1/2	2/2	2	1	1/4	1/4	1		3	57		478
39	37	1/2	1/2	2/2	1	1	1/8	1/8	1		8	80		472
39	37	5/8	5/8	2/2	1	1	1/8	1/8	1		6	78		473
39	37	3/4	3/4	2/2	2	1	1/4	1/4	1		5	59		479
39	37	3/4	3/4	2/2	1	1	1/8	1/8	1		4	76		474
39	37	7/8	7/8	2/2	1	1	1/8	1/8	1		9	75		475
40	38	0	0	2/2	2	1	1/4	1/4	1		7	61		488
40	38	0	0	2/2	1	1	1/8	1/8	1		4	76		480
40	38	1/8	1/8	2/2	1	1	1/8	1/8	1		6	78		481
40	38	1/4	1/4	2/2	2	1	1/4	1/4	1		7	49		489
40	38	1/4	1/4	2/2	1	1	1/8	1/8	1		4	76		482
40	38	3/8	3/8	2/2	1	1	1/8	1/8	1		9	75		483
40	38	1/2	1/2	2/2	2	1	1/4	1/4	1		9	51		490
40	38	1/2	1/2	2/2	1	1	1/8	1/8	1		7	73		484
40	38	5/8	5/8	2/2	1	1	1/8	1/8	1		5	71		485
40	38	3/4	3/4	2/2	2	1	1/4	1/4	1		4	52		491
40	38	3/4	3/4	2/2	1	1	1/8	1/8	1		3	69		486
40	38	7/8	7/8	2/2	1	1	1/8	1/8	1		8	68		487
41	39	0	0	2/2	2	1	1/8	1/8	1		6	54		500
41	39	0	0	2/2	1	1	1/8	1/8	1		3	69		492
41	39	1/8	1/8	2/2	2	1	1/8	1/8	1		4	52		501
41	39	1/8	1/8	2/2	1	1	1/8	1/8	1		5	71		493
41	39	1/4	1/4	2/2	2	1	1/8	1/8	1		6	54		502
41	39	1/4	1/4	2/2	1	1	1/8	1/8	1		8	68		494
41	39	3/8	3/8	2/2	2	1	1/8	1/8	1		4	52		503
41	39	3/8	3/8	2/2	1	1	1/8	1/8	1		3	69		495
41	39	1/2	1/2	2/2	2	1	1/8	1/8	1		9	51		504
41	39	1/2	1/2	2/2	1	1	1/8	1/8	1		5	71		496
41	39	5/8	5/8	2/2	2	1	1/8	1/8	1		4	52		505
41	39	5/8	5/8	2/2	1	1	1/8	1/8	1		3	69		497
41	39	3/4	3/4	2/2	2	1	1/8	1/8	1		7	49		506
41	39	3/4	3/4	2/2	1	1	1/8	1/8	1		5	71		498
41	39	7/8	7/8	2/2	2	1	1/8	1/8	1		9	51		507
41	39	7/8	7/8	2/2	1	1	1/8	1/8	1		3	69		499
42	40	0	0	2/2	2	1	1/8	1/8	1		4	52		516
42	40	0	0	2/2	1	1	1/8	1/8	1		8	68		508
42	40	1/8	1/8	2/2	2	1	1/8	1/8	1		9	51		517
42	40	1/8	1/8	2/2	1	1	1/8	1/8	1		3	69		509
42	40	1/4	1/4	2/2	2	1	1/8	1/8	1		4	52		518
42	40	1/4	1/4	2/2	1	1	1/8	1/8	1		6	66		510
42	40	3/8	3/8	2/2	2	1	1/8	1/8	1		9	51		519
42	40	3/8	3/8	2/2	1	1	1/8	1/8	1		8	68		511
42	40	1/2	1/2	2/2	2	1	1/8	1/8	1		7	49		520
42	40	1/2	1/2	2/2	1	1	1/8	1/8	1		3	69		512
42	40	5/8	5/8	2/2	2	1	1/8	1/8	1		5	47		521
42	40	5/8	5/8	2/2	1	1	1/8	1/8	1		8	68		513
42	40	3/4	3/4	2/2	2	1	1/8	1/8	1		7	49		522
42	40	3/4	3/4	2/2	1	1	1/8	1/8	1		3	69		514
42	40	7/8	7/8	2/2	2	1	1/8	1/8	1		5	47		523
42	40	7/8	7/8	2/2	1	1	1/8	1/8	1		8	68		515
43	41	0	0	2/2	2	1	1/8	1/8	1		3	45		532
43	41	0	0	2/2	1	1	1/8	1/8	1		6	66		524
43	41	1/8	1/8	2/2	2	1	1/8	1/8	1		8	44		533
43	41	1/8	1/8	2/2	1	1	1/8	1/8	1		8	68		525
43	41	1/4	1/4	2/2	2	1	1/8	1/8	1		3	45		534
43	41	1/4	1/4	2/2	1	1	1/8	1/8	1		4	64		526
43	41	3/8	3/8	2/2	2	1	1/8	1/8	1		6	42		535
43	41	3/8	3/8	2/2	1	1	1/8	1/8	1		6	66		527
43	41	1/2	1/2	2/2	2	1	1/4	1/4	1		5	47		536
43	41	1/2	1/2	2/2	1	1	1/8	1/8	1		8	68		528
43	41	5/8	5/8	2/2	1	1	1/8	1/8	1		6	66		529
43	41	3/4	3/4	2/2	2	1	1/4	1/4	1		5	35		537
43	41	3/4	3/4	2/2	1	1	1/8	1/8	1		8	68		530
43	41	7/8	7/8	2/2	1	1	1/8	1/8	1		6	66		531
44	42	0	0	2/2	2	1	1/4	1/4	1		4	40		539
44	42	0	0	2/2	1	1	3/4	1/2	3/2		4	64		538
44	42	1/4	1/4	2/2	2	1	1/4	1/4	1		5	47		540
44	42	1/2	1/2	2/2	2	1	1/4	1/4	1		4	52		541
